Ano;Trimestre;Categoria;Tipo;CNPJ IF;Conglomerado;Instituiçăo financeira;Índice;Quantidade total de reclamaçőes respondidas;Quantidade de reclamaçőes procedentes;Quantidade de reclamaçőes procedentes extrapoladas;Quantidade total de reclamaçőes analisadas;
2026;1ş;Demais Bancos, Financeiras e Instituiçőes de Pagamento;Banco/financeira;62073200; ;BANK OF AMERICA MERRILL LYNCH BANCO MÚLTIPLO S.A.; ;33;0;0;20;
2026;1ş;Demais Bancos, Financeiras e Instituiçőes de Pagamento;Banco/financeira;49288113; ;KANASTRA FINANCEIRA S.A, CREDITO, FINANCIAMENTO E INVESTIMENTO; ;14;0;0;3;
2026;1ş;Demais Bancos, Financeiras e Instituiçőes de Pagamento;Banco/financeira;48755901; ;SOLFÁCIL SOCIEDADE DE CRÉDITO, FINANCIAMENTO E INVESTIMENTO S.A.; ;18;0;0;10;
2026;1ş;Demais Bancos, Financeiras e Instituiçőes de Pagamento;Banco/financeira;46241852; ;COMPREV - CRÉDITO, FINANCIAMENTO E INVESTIMENTO S.A.; ;9;0;0;1;
2026;1ş;Demais Bancos, Financeiras e Instituiçőes de Pagamento;Banco/financeira;34747388; ;ISSUER INSTITUICAO DE PAGAMENTO LTDA.; ;2;0;0;3;
2026;1ş;Demais Bancos, Financeiras e Instituiçőes de Pagamento;Banco/financeira;10506341; ;BLU INSTITUIÇĂO DE PAGAMENTO LTDA.; ;33;0;0;26;
2026;1ş;Top 15 - Bancos, Financeiras e Instituiçőes de Pagamento;Conglomerado; ;99PAY IP; ;9,51;1477;100;260;568;
2026;1ş;Top 15 - Bancos, Financeiras e Instituiçőes de Pagamento;Conglomerado;24313102;99PAY IP;99PAY INSTITUICAO DE PAGAMENTO S.A.; 0 ;1477;100;260;568;
2026;1ş;Demais Bancos, Financeiras e Instituiçőes de Pagamento;Conglomerado; ;ABC-BRASIL; ; ;22;4;8;11;
2026;1ş;Demais Bancos, Financeiras e Instituiçőes de Pagamento;Conglomerado;28195667;ABC-BRASIL;BANCO ABC BRASIL S.A.; ;22;4;8;11;
2026;1ş;Demais Bancos, Financeiras e Instituiçőes de Pagamento;Conglomerado; ;ACG IP; ; ;3;1;3;1;
2026;1ş;Demais Bancos, Financeiras e Instituiçőes de Pagamento;Conglomerado;10868663;ACG IP;ACG INSTITUIÇĂO DE PAGAMENTO S.A.; ;3;1;3;1;
2026;1ş;Demais Bancos, Financeiras e Instituiçőes de Pagamento;Conglomerado; ;ADYEN DO BRASIL IP; ; ;56;4;6;37;
2026;1ş;Demais Bancos, Financeiras e Instituiçőes de Pagamento;Conglomerado;14796606;ADYEN DO BRASIL IP;ADYEN DO BRASIL INSTITUICAO DE PAGAMENTO LTDA.; ;56;4;6;37;
2026;1ş;Demais Bancos, Financeiras e Instituiçőes de Pagamento;Conglomerado; ;AGIBANK; ;218,64;3566;369;1646;805;
2026;1ş;Demais Bancos, Financeiras e Instituiçőes de Pagamento;Conglomerado;13660104;AGIBANK;AGI FINANCEIRA S.A. - SOCIEDADE DE CRÉDITO, FINANCIAMENTO E INVESTIMENTO; ;33;10;11;29;
2026;1ş;Demais Bancos, Financeiras e Instituiçőes de Pagamento;Conglomerado;10664513;AGIBANK;BANCO AGIBANK S.A.; 0 ;3533;359;1634;776;
2026;1ş;Demais Bancos, Financeiras e Instituiçőes de Pagamento;Conglomerado; ;AGORACRED S/A SCFI; ; ;51;4;4;49;
2026;1ş;Demais Bancos, Financeiras e Instituiçőes de Pagamento;Conglomerado;36321990;AGORACRED S/A SCFI;AGORACRED S/A SOCIEDADE DE CRÉDITO, FINANCIAMENTO E INVESTIMENTO; ;51;4;4;49;
2026;1ş;Demais Bancos, Financeiras e Instituiçőes de Pagamento;Conglomerado; ;AL5 S.A. SCFI; ; ;15;0;0;5;
2026;1ş;Demais Bancos, Financeiras e Instituiçőes de Pagamento;Conglomerado;27214112;AL5 S.A. SCFI;AL5 S.A. SOCIEDADE DE CRÉDITO, FINANCIAMENTO E INVESTIMENTO; ;15;0;0;5;
2026;1ş;Demais Bancos, Financeiras e Instituiçőes de Pagamento;Conglomerado; ;ANDBANK; ; ;61;6;7;49;
2026;1ş;Demais Bancos, Financeiras e Instituiçőes de Pagamento;Conglomerado;48795256;ANDBANK;BANCO ANDBANK (BRASIL) S.A.; ;61;6;7;49;
2026;1ş;Demais Bancos, Financeiras e Instituiçőes de Pagamento;Conglomerado; ;ASAAS GESTAO FINANCEIRA IP; ;69,70;221;60;86;156;
2026;1ş;Demais Bancos, Financeiras e Instituiçőes de Pagamento;Conglomerado;48786608;ASAAS GESTAO FINANCEIRA IP;ASAAS SOCIEDADE DE CRÉDITO, FINANCIAMENTO E INVESTIMENTO S.A.; ;9;1;5;2;
2026;1ş;Demais Bancos, Financeiras e Instituiçőes de Pagamento;Conglomerado;19540550;ASAAS GESTAO FINANCEIRA IP;ASAAS GESTĂO FINANCEIRA INSTITUIÇĂO DE PAGAMENTO S.A.; 0 ;212;59;81;154;
2026;1ş;Demais Bancos, Financeiras e Instituiçőes de Pagamento;Conglomerado; ;ASTRO IP; ;836,13;89;44;52;75;
2026;1ş;Demais Bancos, Financeiras e Instituiçőes de Pagamento;Conglomerado;34006497;ASTRO IP;ASTRO INSTITUICAO DE PAGAMENTO LTDA.; 0 ;89;44;52;75;
2026;1ş;Demais Bancos, Financeiras e Instituiçőes de Pagamento;Conglomerado; ;AVANCARD PROVER IP; ; ;9;2;9;2;
2026;1ş;Demais Bancos, Financeiras e Instituiçőes de Pagamento;Conglomerado;20308187;AVANCARD PROVER IP;AVANCARD PROVER INSTITUIÇĂO DE PAGAMENTO LTDA; ;9;2;9;2;
2026;1ş;Demais Bancos, Financeiras e Instituiçőes de Pagamento;Conglomerado; ;BANCO AFINZ BM; ;150,50;555;99;130;419;
2026;1ş;Demais Bancos, Financeiras e Instituiçőes de Pagamento;Conglomerado;60114865;BANCO AFINZ BM;AFINZ INSTITUIÇĂO DE PAGAMENTO S.A.; ;108;13;19;75;
2026;1ş;Demais Bancos, Financeiras e Instituiçőes de Pagamento;Conglomerado;04814563;BANCO AFINZ BM;BANCO AFINZ S.A. - BANCO MÚLTIPLO; 0 ;447;86;112;344;
2026;1ş;Demais Bancos, Financeiras e Instituiçőes de Pagamento;Conglomerado; ;BANCO BARI DE INVESTIMENTO E FINANCI.; ;519,74;110;37;38;106;
2026;1ş;Demais Bancos, Financeiras e Instituiçőes de Pagamento;Conglomerado;00556603;BANCO BARI DE INVESTIMENTO E FINANCI.;BANCO BARI DE INVESTIMENTOS E FINANCIAMENTOS S.A.; 0 ;110;37;38;106;
2026;1ş;Top 15 - Bancos, Financeiras e Instituiçőes de Pagamento;Conglomerado; ;BANCO C6; ;55,30;7347;371;1898;1356;
2026;1ş;Top 15 - Bancos, Financeiras e Instituiçőes de Pagamento;Conglomerado;61348538;BANCO C6;BANCO C6 CONSIGNADO S.A.; 0 ;1465;166;482;505;
2026;1ş;Top 15 - Bancos, Financeiras e Instituiçőes de Pagamento;Conglomerado;31872495;BANCO C6;BANCO C6 S.A.; 0 ;5882;205;1417;851;
2026;1ş;Demais Bancos, Financeiras e Instituiçőes de Pagamento;Conglomerado; ;BANCO CNH INDUSTRIAL CAPITAL S.A; ; ;17;0;0;5;
2026;1ş;Demais Bancos, Financeiras e Instituiçőes de Pagamento;Conglomerado;02992446;BANCO CNH INDUSTRIAL CAPITAL S.A;BANCO CNH INDUSTRIAL CAPITAL S.A.; ;17;0;0;5;
2026;1ş;Demais Bancos, Financeiras e Instituiçőes de Pagamento;Conglomerado; ;BANCO DIGIMAIS; ;1.665,06;675;166;317;353;
2026;1ş;Demais Bancos, Financeiras e Instituiçőes de Pagamento;Conglomerado;92874270;BANCO DIGIMAIS;BANCO DIGIMAIS S.A.; 0 ;675;166;317;353;
2026;1ş;Demais Bancos, Financeiras e Instituiçőes de Pagamento;Conglomerado; ;BANCO HSBC; ; ;10;1;5;2;
2026;1ş;Demais Bancos, Financeiras e Instituiçőes de Pagamento;Conglomerado;53518684;BANCO HSBC;BANCO HSBC S.A.; ;10;1;5;2;
2026;1ş;Demais Bancos, Financeiras e Instituiçőes de Pagamento;Conglomerado; ;BANCO PACCAR; ; ;2;0;0;1;
2026;1ş;Demais Bancos, Financeiras e Instituiçőes de Pagamento;Conglomerado;28517628;BANCO PACCAR;BANCO PACCAR S.A.; ;2;0;0;1;
2026;1ş;Demais Bancos, Financeiras e Instituiçőes de Pagamento;Conglomerado; ;BANCO PAULISTA; ; ;21;4;6;14;
2026;1ş;Demais Bancos, Financeiras e Instituiçőes de Pagamento;Conglomerado;61820817;BANCO PAULISTA;BANCO PAULISTA S.A.; ;21;4;6;14;
2026;1ş;Demais Bancos, Financeiras e Instituiçőes de Pagamento;Conglomerado; ;BANCO RIBEIRĂO PRETO; ;42.318,23;408;149;211;288;
2026;1ş;Demais Bancos, Financeiras e Instituiçőes de Pagamento;Conglomerado;00517645;BANCO RIBEIRĂO PRETO;BANCO RIBEIRAO PRETO S.A.; 0 ;408;149;211;288;
2026;1ş;Demais Bancos, Financeiras e Instituiçőes de Pagamento;Conglomerado; ;BANCO SEMEAR; ; ;40;6;6;40;
2026;1ş;Demais Bancos, Financeiras e Instituiçőes de Pagamento;Conglomerado;00795423;BANCO SEMEAR;BANCO SEMEAR S.A.; ;40;6;6;40;
2026;1ş;Demais Bancos, Financeiras e Instituiçőes de Pagamento;Conglomerado; ;BANCO SICOOB; ;11,58;1543;30;84;551;
2026;1ş;Demais Bancos, Financeiras e Instituiçőes de Pagamento;Conglomerado;02038232;BANCO SICOOB;BANCO COOPERATIVO SICOOB S.A. - BANCO SICOOB; 0 ;1543;30;84;551;
2026;1ş;Demais Bancos, Financeiras e Instituiçőes de Pagamento;Conglomerado; ;BANCO TOPÁZIO S.A.; ; ;35;4;14;10;
2026;1ş;Demais Bancos, Financeiras e Instituiçőes de Pagamento;Conglomerado;07679404;BANCO TOPÁZIO S.A.;BANCO TOPÁZIO S.A.; ;35;4;14;10;
2026;1ş;Demais Bancos, Financeiras e Instituiçőes de Pagamento;Conglomerado; ;BANESTES; ;61,07;260;68;93;190;
2026;1ş;Demais Bancos, Financeiras e Instituiçőes de Pagamento;Conglomerado;28127603;BANESTES;BANESTES S.A. BANCO DO ESTADO DO ESPIRITO SANTO; 0 ;260;68;93;190;
2026;1ş;Demais Bancos, Financeiras e Instituiçőes de Pagamento;Conglomerado; ;BANK OF CHINA (BRASIL); ; ;29;0;0;9;
2026;1ş;Demais Bancos, Financeiras e Instituiçőes de Pagamento;Conglomerado;92764489;BANK OF CHINA (BRASIL);BOC BRASIL S.A. - CRÉDITO, FINANCIAMENTOS E INVESTIMENTOS; ;4;0;0;2;
2026;1ş;Demais Bancos, Financeiras e Instituiçőes de Pagamento;Conglomerado;10690848;BANK OF CHINA (BRASIL);BANCO DA CHINA BRASIL S.A.; ;13;0;0;6;
2026;1ş;Demais Bancos, Financeiras e Instituiçőes de Pagamento;Conglomerado;07450604;BANK OF CHINA (BRASIL);BANK OF CHINA (BRASIL) BANCO MÚLTIPLO S/A; ;12;0;0;1;
2026;1ş;Demais Bancos, Financeiras e Instituiçőes de Pagamento;Conglomerado; ;BANQI IP; ; ;138;19;20;128;
2026;1ş;Demais Bancos, Financeiras e Instituiçőes de Pagamento;Conglomerado;30723871;BANQI IP;BANQI INSTITUICAO DE PAGAMENTO LTDA.; ;138;19;20;128;
2026;1ş;Demais Bancos, Financeiras e Instituiçőes de Pagamento;Conglomerado; ;BANRISUL; ;36,59;1484;85;214;591;
2026;1ş;Demais Bancos, Financeiras e Instituiçőes de Pagamento;Conglomerado;92934215;BANRISUL;BANRISUL SOLUÇŐES EM PAGAMENTOS S.A. - INSTITUIÇĂO DE PAGAMENTO; ;24;0;0;11;
2026;1ş;Demais Bancos, Financeiras e Instituiçőes de Pagamento;Conglomerado;92702067;BANRISUL;BANCO DO ESTADO DO RIO GRANDE DO SUL S.A.; 0 ;1460;85;214;580;
2026;1ş;Demais Bancos, Financeiras e Instituiçőes de Pagamento;Conglomerado; ;BARU SCFI; ; ;7;1;7;1;
2026;1ş;Demais Bancos, Financeiras e Instituiçőes de Pagamento;Conglomerado;42723848;BARU SCFI;BARU SOCIEDADE DE CRÉDITO, FINANCIAMENTO E INVESTIMENTO S/A; ;7;1;7;1;
2026;1ş;Top 15 - Bancos, Financeiras e Instituiçőes de Pagamento;Conglomerado; ;BB; ;19,36;23611;64;1608;940;
2026;1ş;Top 15 - Bancos, Financeiras e Instituiçőes de Pagamento;Conglomerado;00000000;BB;BANCO DO BRASIL S.A.; 0 ;23611;64;1608;940;
2026;1ş;Demais Bancos, Financeiras e Instituiçőes de Pagamento;Conglomerado; ;BBC S.A.; ; ;57;6;8;42;
2026;1ş;Demais Bancos, Financeiras e Instituiçőes de Pagamento;Conglomerado;01852137;BBC S.A.;BANCO BRASILEIRO DE CRÉDITO SOCIEDADE ANÔNIMA; ;57;6;8;42;
2026;1ş;Demais Bancos, Financeiras e Instituiçőes de Pagamento;Conglomerado; ;BCO ABN AMRO CLEARING; ; ;12;0;0;4;
2026;1ş;Demais Bancos, Financeiras e Instituiçőes de Pagamento;Conglomerado;03532415;BCO ABN AMRO CLEARING;BANCO ABN AMRO CLEARING S.A.; ;12;0;0;4;
2026;1ş;Demais Bancos, Financeiras e Instituiçőes de Pagamento;Conglomerado; ;BCO ARBI S.A.; ; ;91;29;38;69;
2026;1ş;Demais Bancos, Financeiras e Instituiçőes de Pagamento;Conglomerado;54403563;BCO ARBI S.A.;BANCO ARBI S.A.; ;91;29;38;69;
2026;1ş;Demais Bancos, Financeiras e Instituiçőes de Pagamento;Conglomerado; ;BCO COOPERATIVO SICREDI; ; ;85;0;0;14;
2026;1ş;Demais Bancos, Financeiras e Instituiçőes de Pagamento;Conglomerado;01181521;BCO COOPERATIVO SICREDI;BANCO COOPERATIVO SICREDI S.A.; ;85;0;0;14;
2026;1ş;Demais Bancos, Financeiras e Instituiçőes de Pagamento;Conglomerado; ;BCO CSF S.A.; ;12,78;1856;41;124;612;
2026;1ş;Demais Bancos, Financeiras e Instituiçőes de Pagamento;Conglomerado;08357240;BCO CSF S.A.;BANCO CSF S.A.; 0 ;1856;41;124;612;
2026;1ş;Demais Bancos, Financeiras e Instituiçőes de Pagamento;Conglomerado; ;BCO DA AMAZONIA S.A.; ; ;81;17;20;69;
2026;1ş;Demais Bancos, Financeiras e Instituiçőes de Pagamento;Conglomerado;04902979;BCO DA AMAZONIA S.A.;BANCO DA AMAZONIA S.A.; ;81;17;20;69;
2026;1ş;Demais Bancos, Financeiras e Instituiçőes de Pagamento;Conglomerado; ;BCO DAYCOVAL S.A; ;42,99;2024;35;109;654;
2026;1ş;Demais Bancos, Financeiras e Instituiçőes de Pagamento;Conglomerado;62232889;BCO DAYCOVAL S.A;BANCO DAYCOVAL S.A.; 0 ;2007;35;109;647;
2026;1ş;Demais Bancos, Financeiras e Instituiçőes de Pagamento;Conglomerado;43818780;BCO DAYCOVAL S.A;DAYCOVAL LEASING - BANCO MÚLTIPLO S.A.; ;17;0;0;7;
2026;1ş;Demais Bancos, Financeiras e Instituiçőes de Pagamento;Conglomerado; ;BCO DE LAGE LANDEN BRASIL S.A.; ; ;9;1;5;2;
2026;1ş;Demais Bancos, Financeiras e Instituiçőes de Pagamento;Conglomerado;05040481;BCO DE LAGE LANDEN BRASIL S.A.;BANCO DE LAGE LANDEN BRASIL S.A.; ;9;1;5;2;
2026;1ş;Demais Bancos, Financeiras e Instituiçőes de Pagamento;Conglomerado; ;BCO DO EST. DE SE S.A.; ;52,10;211;41;55;161;
2026;1ş;Demais Bancos, Financeiras e Instituiçőes de Pagamento;Conglomerado;13009717;BCO DO EST. DE SE S.A.;BANCO DO ESTADO DE SERGIPE S.A.; 0 ;182;40;54;136;
2026;1ş;Demais Bancos, Financeiras e Instituiçőes de Pagamento;Conglomerado;03847413;BCO DO EST. DE SE S.A.;MULVI INSTITUICAO DE PAGAMENTO S.A.; ;29;1;1;25;
2026;1ş;Demais Bancos, Financeiras e Instituiçőes de Pagamento;Conglomerado; ;BCO DO EST. DO PA S.A.; ;197,90;472;153;228;317;
2026;1ş;Demais Bancos, Financeiras e Instituiçőes de Pagamento;Conglomerado;04913711;BCO DO EST. DO PA S.A.;BANCO DO ESTADO DO PARÁ S.A.; 0 ;472;153;228;317;
2026;1ş;Demais Bancos, Financeiras e Instituiçőes de Pagamento;Conglomerado; ;BCO DO NORDESTE DO BRASIL S.A.; ; ;336;13;21;210;
2026;1ş;Demais Bancos, Financeiras e Instituiçőes de Pagamento;Conglomerado;07237373;BCO DO NORDESTE DO BRASIL S.A.;BANCO DO NORDESTE DO BRASIL S.A.; ;336;13;21;210;
2026;1ş;Demais Bancos, Financeiras e Instituiçőes de Pagamento;Conglomerado; ;BCO FIBRA S.A.; ; ;23;3;5;14;
2026;1ş;Demais Bancos, Financeiras e Instituiçőes de Pagamento;Conglomerado;58616418;BCO FIBRA S.A.;BANCO FIBRA S.A.; ;23;3;5;14;
2026;1ş;Demais Bancos, Financeiras e Instituiçőes de Pagamento;Conglomerado; ;BCO INBURSA S.A.; ;166,04;604;79;143;333;
2026;1ş;Demais Bancos, Financeiras e Instituiçőes de Pagamento;Conglomerado;04866275;BCO INBURSA S.A.;BANCO INBURSA S.A.; 0 ;604;79;143;333;
2026;1ş;Demais Bancos, Financeiras e Instituiçőes de Pagamento;Conglomerado; ;BCO INDUSCRED DE INVESTIM. S/A; ; ;5;0;0;3;
2026;1ş;Demais Bancos, Financeiras e Instituiçőes de Pagamento;Conglomerado;33588252;BCO INDUSCRED DE INVESTIM. S/A;BANCO INDUSCRED DE INVESTIMENTO S.A.; ;5;0;0;3;
2026;1ş;Demais Bancos, Financeiras e Instituiçőes de Pagamento;Conglomerado; ;BCO KDB BRASIL S.A.; ; ;5;0;0;1;
2026;1ş;Demais Bancos, Financeiras e Instituiçőes de Pagamento;Conglomerado;07656500;BCO KDB BRASIL S.A.;BANCO KDB DO BRASIL S.A.; ;5;0;0;1;
2026;1ş;Demais Bancos, Financeiras e Instituiçőes de Pagamento;Conglomerado; ;BCO TOYOTA DO BRASIL S.A.; ; ;65;17;23;48;
2026;1ş;Demais Bancos, Financeiras e Instituiçőes de Pagamento;Conglomerado;03215790;BCO TOYOTA DO BRASIL S.A.;BANCO TOYOTA DO BRASIL S.A.; ;65;17;23;48;
2026;1ş;Demais Bancos, Financeiras e Instituiçőes de Pagamento;Conglomerado; ;BCO TRIANGULO S.A.; ;38,66;197;34;47;143;
2026;1ş;Demais Bancos, Financeiras e Instituiçőes de Pagamento;Conglomerado;17351180;BCO TRIANGULO S.A.;BANCO TRIANGULO S.A.; 0 ;197;34;47;143;
2026;1ş;Demais Bancos, Financeiras e Instituiçőes de Pagamento;Conglomerado; ;BECKER FINANCEIRA S.A. - CFI; ; ;5;0;0;2;
2026;1ş;Demais Bancos, Financeiras e Instituiçőes de Pagamento;Conglomerado;20443996;BECKER FINANCEIRA S.A. - CFI;BECKER FINANCEIRA S.A. - CRÉDITO, FINANCIAMENTO E INVESTIMENTO; ;5;0;0;2;
2026;1ş;Demais Bancos, Financeiras e Instituiçőes de Pagamento;Conglomerado; ;BELVO IP; ; ;2;0;0;1;
2026;1ş;Demais Bancos, Financeiras e Instituiçőes de Pagamento;Conglomerado;43215815;BELVO IP;BELVO INSTITUICAO DE PAGAMENTO LTDA; ;2;0;0;1;
2026;1ş;Demais Bancos, Financeiras e Instituiçőes de Pagamento;Conglomerado; ;BK IP; ; ;14;9;9;14;
2026;1ş;Demais Bancos, Financeiras e Instituiçőes de Pagamento;Conglomerado;16814330;BK IP;BK INSTITUIÇĂO DE PAGAMENTO S.A.; ;14;9;9;14;
2026;1ş;Demais Bancos, Financeiras e Instituiçőes de Pagamento;Conglomerado; ;BMG; ;77,00;4188;174;718;1062;
2026;1ş;Demais Bancos, Financeiras e Instituiçőes de Pagamento;Conglomerado;62421979;BMG;BANCO BMG SOLUÇŐES FINANCEIRAS S.A.; ;19;1;2;9;
2026;1ş;Demais Bancos, Financeiras e Instituiçőes de Pagamento;Conglomerado;61186680;BMG;BANCO BMG S.A.; 0 ;3506;129;629;719;
2026;1ş;Demais Bancos, Financeiras e Instituiçőes de Pagamento;Conglomerado;50585090;BMG;BANCO BMG CONSIGNADO S.A.; 0 ;663;44;87;334;
2026;1ş;Demais Bancos, Financeiras e Instituiçőes de Pagamento;Conglomerado; ;BMW; ; ;9;1;2;5;
2026;1ş;Demais Bancos, Financeiras e Instituiçőes de Pagamento;Conglomerado;04452473;BMW;BMW FINANCEIRA S.A. - CREDITO, FINANCIAMENTO E INVESTIMENTO; ;9;1;2;5;
2026;1ş;Demais Bancos, Financeiras e Instituiçőes de Pagamento;Conglomerado; ;BNP PARIBAS; ; ;141;13;16;115;
2026;1ş;Demais Bancos, Financeiras e Instituiçőes de Pagamento;Conglomerado;01522368;BNP PARIBAS;BANCO BNP PARIBAS BRASIL S.A.; ;141;13;16;115;
2026;1ş;Top 15 - Bancos, Financeiras e Instituiçőes de Pagamento;Conglomerado; ;BRADESCO; ;48,92;35387;348;5398;2508;
2026;1ş;Top 15 - Bancos, Financeiras e Instituiçőes de Pagamento;Conglomerado;60746948;BRADESCO;BANCO BRADESCO S.A.; 0 ;31041;143;4804;924;
2026;1ş;Top 15 - Bancos, Financeiras e Instituiçőes de Pagamento;Conglomerado;40473435;BRADESCO;REPASSES FINANCEIROS E SOLUCOES TECNOLOGICAS INSTITUICAO DE PAGAMENTO S.A.; 0 ;10;0;0;1;
2026;1ş;Top 15 - Bancos, Financeiras e Instituiçőes de Pagamento;Conglomerado;33254319;BRADESCO;BANCO LOSANGO S.A. - BANCO MÚLTIPLO; 0 ;98;0;0;72;
2026;1ş;Top 15 - Bancos, Financeiras e Instituiçőes de Pagamento;Conglomerado;33147315;BRADESCO;BANCO BRADESCO BERJ S.A.; 0 ;10;0;0;1;
2026;1ş;Top 15 - Bancos, Financeiras e Instituiçőes de Pagamento;Conglomerado;27098060;BRADESCO;BANCO DIGIO S.A.; 0 ;2330;105;377;649;
2026;1ş;Top 15 - Bancos, Financeiras e Instituiçőes de Pagamento;Conglomerado;15011719;BRADESCO;BITZ INSTITUICAO DE PAGAMENTO S.A.; 0 ;6;0;0;1;
2026;1ş;Top 15 - Bancos, Financeiras e Instituiçőes de Pagamento;Conglomerado;07207996;BRADESCO;BANCO BRADESCO FINANCIAMENTOS S.A.; 0 ;653;44;87;329;
2026;1ş;Top 15 - Bancos, Financeiras e Instituiçőes de Pagamento;Conglomerado;06271464;BRADESCO;BANCO BRADESCO BBI S.A.; 0 ;60;7;9;48;
2026;1ş;Top 15 - Bancos, Financeiras e Instituiçőes de Pagamento;Conglomerado;04184779;BRADESCO;BANCO BRADESCARD S.A.; 0 ;1154;49;121;467;
2026;1ş;Top 15 - Bancos, Financeiras e Instituiçőes de Pagamento;Conglomerado;01701201;BRADESCO;KIRTON BANK S.A. - BANCO MÚLTIPLO; 0 ;25;0;0;16;
2026;1ş;Demais Bancos, Financeiras e Instituiçőes de Pagamento;Conglomerado; ;BRB; ;386,13;5613;724;3541;1220;
2026;1ş;Demais Bancos, Financeiras e Instituiçőes de Pagamento;Conglomerado;33136888;BRB;BRB - CREDITO, FINANCIAMENTO E INVESTIMENTO S/A; 0 ;457;123;191;295;
2026;1ş;Demais Bancos, Financeiras e Instituiçőes de Pagamento;Conglomerado;00000208;BRB;BRB - BANCO DE BRASILIA S.A.; 0 ;5156;601;3350;925;
2026;1ş;Demais Bancos, Financeiras e Instituiçőes de Pagamento;Conglomerado; ;BS2; ;166,10;121;53;60;107;
2026;1ş;Demais Bancos, Financeiras e Instituiçőes de Pagamento;Conglomerado;71027866;BS2;BANCO BS2 S.A.; 0 ;121;53;60;107;
2026;1ş;Top 15 - Bancos, Financeiras e Instituiçőes de Pagamento;Conglomerado; ;BTG PACTUAL/BANCO PAN; ;42,81;7867;239;1173;1496;
2026;1ş;Top 15 - Bancos, Financeiras e Instituiçőes de Pagamento;Conglomerado;59285411;BTG PACTUAL/BANCO PAN;BANCO PAN S.A.; 0 ;6531;123;925;868;
2026;1ş;Top 15 - Bancos, Financeiras e Instituiçőes de Pagamento;Conglomerado;30306294;BTG PACTUAL/BANCO PAN;BANCO BTG PACTUAL S.A.; 0 ;1100;84;204;453;
2026;1ş;Top 15 - Bancos, Financeiras e Instituiçőes de Pagamento;Conglomerado;02682287;BTG PACTUAL/BANCO PAN;PAN FINANCEIRA S.A. - SOCIEDADE DE CRÉDITO, FINANCIAMENTO E INVESTIMENTOS; 0 ;236;32;43;175;
2026;1ş;Demais Bancos, Financeiras e Instituiçőes de Pagamento;Conglomerado; ;BULLLA IP; ;204,30;201;100;137;147;
2026;1ş;Demais Bancos, Financeiras e Instituiçőes de Pagamento;Conglomerado;08422119;BULLLA IP;BULLLA INSTITUICAO DE PAGAMENTO S.A.; 0 ;201;100;137;147;
2026;1ş;Top 15 - Bancos, Financeiras e Instituiçőes de Pagamento;Conglomerado; ;CAIXA ECONÔMICA FEDERAL; ;23,12;21753;165;3659;981;
2026;1ş;Top 15 - Bancos, Financeiras e Instituiçőes de Pagamento;Conglomerado;00360305;CAIXA ECONÔMICA FEDERAL;CAIXA ECONOMICA FEDERAL; 0 ;21753;165;3659;981;
2026;1ş;Demais Bancos, Financeiras e Instituiçőes de Pagamento;Conglomerado; ;CAIXA GERAL; ; ;107;0;0;87;
2026;1ş;Demais Bancos, Financeiras e Instituiçőes de Pagamento;Conglomerado;33466988;CAIXA GERAL;BANCO CAIXA GERAL - BRASIL S.A.; ;107;0;0;87;
2026;1ş;Demais Bancos, Financeiras e Instituiçőes de Pagamento;Conglomerado; ;CALCARD IP; ; ;109;18;21;95;
2026;1ş;Demais Bancos, Financeiras e Instituiçőes de Pagamento;Conglomerado;37122487;CALCARD IP;CALCRED S.A. - CRÉDITO, FINANCIAMENTO E INVESTIMENTO; ;43;6;7;37;
2026;1ş;Demais Bancos, Financeiras e Instituiçőes de Pagamento;Conglomerado;08611734;CALCARD IP;CALCARD S.A. - INSTITUIÇĂO DE PAGAMENTOS; ;66;12;14;58;
2026;1ş;Demais Bancos, Financeiras e Instituiçőes de Pagamento;Conglomerado; ;CARUANA SCFI; ; ;13;3;4;10;
2026;1ş;Demais Bancos, Financeiras e Instituiçőes de Pagamento;Conglomerado;09313766;CARUANA SCFI;CARUANA S.A. - SOCIEDADE DE CRÉDITO, FINANCIAMENTO E INVESTIMENTO; ;13;3;4;10;
2026;1ş;Demais Bancos, Financeiras e Instituiçőes de Pagamento;Conglomerado; ;CELCOIN IP; ;12,97;473;78;142;260;
2026;1ş;Demais Bancos, Financeiras e Instituiçőes de Pagamento;Conglomerado;13935893;CELCOIN IP;CELCOIN INSTITUICAO DE PAGAMENTO S.A.; 0 ;473;78;142;260;
2026;1ş;Demais Bancos, Financeiras e Instituiçőes de Pagamento;Conglomerado; ;CIELO IP; ; ;224;7;22;71;
2026;1ş;Demais Bancos, Financeiras e Instituiçőes de Pagamento;Conglomerado;01027058;CIELO IP;CIELO S.A. - INSTITUIÇĂO DE PAGAMENTO; ;224;7;22;71;
2026;1ş;Demais Bancos, Financeiras e Instituiçőes de Pagamento;Conglomerado; ;CITIBANK; ; ;16;0;0;9;
2026;1ş;Demais Bancos, Financeiras e Instituiçőes de Pagamento;Conglomerado;33479023;CITIBANK;BANCO CITIBANK S.A.; ;16;0;0;9;
2026;1ş;Demais Bancos, Financeiras e Instituiçőes de Pagamento;Conglomerado; ;CLARA IP; ; ;6;0;0;2;
2026;1ş;Demais Bancos, Financeiras e Instituiçőes de Pagamento;Conglomerado;41538335;CLARA IP;CLARA INSTITUICAO DE PAGAMENTO LTDA.; ;6;0;0;2;
2026;1ş;Demais Bancos, Financeiras e Instituiçőes de Pagamento;Conglomerado; ;CLARO PAY IP; ;83,66;201;65;100;131;
2026;1ş;Demais Bancos, Financeiras e Instituiçőes de Pagamento;Conglomerado;34878543;CLARO PAY IP;CLARO PAY S.A. - INSTITUIÇĂO DE PAGAMENTO; 0 ;201;65;100;131;
2026;1ş;Top 15 - Bancos, Financeiras e Instituiçőes de Pagamento;Conglomerado; ;CLOUDWALK IP; ;6,67;1683;40;121;558;
2026;1ş;Top 15 - Bancos, Financeiras e Instituiçőes de Pagamento;Conglomerado;18189547;CLOUDWALK IP;CLOUDWALK INSTITUIÇĂO DE PAGAMENTO E SERVICOS LTDA; 0 ;1616;37;117;511;
2026;1ş;Top 15 - Bancos, Financeiras e Instituiçőes de Pagamento;Conglomerado;05503849;CLOUDWALK IP;CLOUDWALK FINANCEIRA S.A. CRÉDITO, FINANCIAMENTO E INVESTIMENTO; 0 ;67;3;4;47;
2026;1ş;Demais Bancos, Financeiras e Instituiçőes de Pagamento;Conglomerado; ;COBUCCIO SCFI; ;224,87;2960;472;1272;1157;
2026;1ş;Demais Bancos, Financeiras e Instituiçőes de Pagamento;Conglomerado;36947229;COBUCCIO SCFI;COBUCCIO S/A - SOCIEDADE DE CRÉDITO, FINANCIAMENTO E INVESTIMENTOS; 0 ;717;130;217;430;
2026;1ş;Demais Bancos, Financeiras e Instituiçőes de Pagamento;Conglomerado;03130170;COBUCCIO SCFI;BRASIL CARD INSTITUIÇĂO DE PAGAMENTOS LTDA; 0 ;2243;342;1055;727;
2026;1ş;Demais Bancos, Financeiras e Instituiçőes de Pagamento;Conglomerado; ;CONTA PRONTA IP; ; ;2;0;0;1;
2026;1ş;Demais Bancos, Financeiras e Instituiçőes de Pagamento;Conglomerado;12473687;CONTA PRONTA IP;CONTA PRONTA INSTITUICAO DE PAGAMENTO LTDA; ;2;0;0;1;
2026;1ş;Demais Bancos, Financeiras e Instituiçőes de Pagamento;Conglomerado; ;COOPER CARD IP; ; ;39;1;1;34;
2026;1ş;Demais Bancos, Financeiras e Instituiçőes de Pagamento;Conglomerado;05938780;COOPER CARD IP;COOPER CARD INSTITUIÇĂO DE PAGAMENTO LTDA.; ;39;1;1;34;
2026;1ş;Demais Bancos, Financeiras e Instituiçőes de Pagamento;Conglomerado; ;CORA SCFI; ; ;234;22;29;178;
2026;1ş;Demais Bancos, Financeiras e Instituiçőes de Pagamento;Conglomerado;37880206;CORA SCFI;CORA SOCIEDADE DE CRÉDITO, FINANCIAMENTO E INVESTIMENTO S.A.; ;234;22;29;178;
2026;1ş;Demais Bancos, Financeiras e Instituiçőes de Pagamento;Conglomerado; ;CREDI SHOP S.A.; ; ;32;3;3;33;
2026;1ş;Demais Bancos, Financeiras e Instituiçőes de Pagamento;Conglomerado;62895230;CREDI SHOP S.A.;CREDI-SHOP S/A - INSTITUIÇĂO DE PAGAMENTO; ;32;3;3;33;
2026;1ş;Demais Bancos, Financeiras e Instituiçőes de Pagamento;Conglomerado; ;CREDIARE CFI; ; ;29;2;3;22;
2026;1ş;Demais Bancos, Financeiras e Instituiçőes de Pagamento;Conglomerado;05676026;CREDIARE CFI;CREDIARE S.A. - CRÉDITO, FINANCIAMENTO E INVESTIMENTO; ;29;2;3;22;
2026;1ş;Demais Bancos, Financeiras e Instituiçőes de Pagamento;Conglomerado; ;CREDSYSTEM IP; ;22,82;479;53;81;312;
2026;1ş;Demais Bancos, Financeiras e Instituiçőes de Pagamento;Conglomerado;04670195;CREDSYSTEM IP;CREDSYSTEM INSTITUIÇĂO DE PAGAMENTO LTDA; 0 ;479;53;81;312;
2026;1ş;Demais Bancos, Financeiras e Instituiçőes de Pagamento;Conglomerado; ;CREFISA S.A. CFI; ;79,60;2475;272;656;1035;
2026;1ş;Demais Bancos, Financeiras e Instituiçőes de Pagamento;Conglomerado;61033106;CREFISA S.A. CFI;BANCO CREFISA S.A.; 0 ;1632;175;457;625;
2026;1ş;Demais Bancos, Financeiras e Instituiçőes de Pagamento;Conglomerado;60779196;CREFISA S.A. CFI;CREFISA S.A.-CREDITO, FINANCIAMENTO E INVESTIMENTOS; 0 ;843;97;199;410;
2026;1ş;Demais Bancos, Financeiras e Instituiçőes de Pagamento;Conglomerado; ;DLOCAL BRASIL INSTITUIÇĂO DE PAGAMENTO - PRUDENCIA; ; ;81;22;43;41;
2026;1ş;Demais Bancos, Financeiras e Instituiçőes de Pagamento;Conglomerado;25021356;DLOCAL BRASIL INSTITUIÇĂO DE PAGAMENTO - PRUDENCIA;DLOCAL BRASIL INSTITUIÇĂO DE PAGAMENTO S.A.; ;81;22;43;41;
2026;1ş;Demais Bancos, Financeiras e Instituiçőes de Pagamento;Conglomerado; ;DM SCFI; ;84,20;893;205;361;507;
2026;1ş;Demais Bancos, Financeiras e Instituiçőes de Pagamento;Conglomerado;91669747;DM SCFI;DM SOCIEDADE DE CRÉDITO, FINANCIAMENTO E INVESTIMENTO S.A; 0 ;799;173;324;427;
2026;1ş;Demais Bancos, Financeiras e Instituiçőes de Pagamento;Conglomerado;16581207;DM SCFI;DM INSTITUICAO DE PAGAMENTO S.A.; 0 ;94;32;38;80;
2026;1ş;Demais Bancos, Financeiras e Instituiçőes de Pagamento;Conglomerado; ;DOCK IP; ;11,35;262;47;73;169;
2026;1ş;Demais Bancos, Financeiras e Instituiçőes de Pagamento;Conglomerado;13370835;DOCK IP;DOCK INSTITUIÇĂO DE PAGAMENTO S.A.; 0 ;262;47;73;169;
2026;1ş;Demais Bancos, Financeiras e Instituiçőes de Pagamento;Conglomerado; ;EAGLE SCD; ; ;26;8;11;19;
2026;1ş;Demais Bancos, Financeiras e Instituiçőes de Pagamento;Conglomerado;11414839;EAGLE SCD;EAGLE INSTITUICAO DE PAGAMENTO LTDA.; ;26;8;11;19;
2026;1ş;Demais Bancos, Financeiras e Instituiçőes de Pagamento;Conglomerado; ;EBANX IP; ;165,56;92;37;53;64;
2026;1ş;Demais Bancos, Financeiras e Instituiçőes de Pagamento;Conglomerado;21018182;EBANX IP;EBANX INSTITUICAO DE PAGAMENTOS LTDA.; 0 ;92;37;53;64;
2026;1ş;Demais Bancos, Financeiras e Instituiçőes de Pagamento;Conglomerado; ;EDENRED SOLUCOES E IP AHA; ; ;23;4;9;10;
2026;1ş;Demais Bancos, Financeiras e Instituiçőes de Pagamento;Conglomerado;59158642;EDENRED SOLUCOES E IP AHA;EDENRED SOLUCOES E INSTITUICAO DE PAGAMENTO AHA S.A.; ;23;4;9;10;
2026;1ş;Demais Bancos, Financeiras e Instituiçőes de Pagamento;Conglomerado; ;EFI S.A. IP; ;82,91;176;42;58;126;
2026;1ş;Demais Bancos, Financeiras e Instituiçőes de Pagamento;Conglomerado;37229413;EFI S.A. IP;SOCIEDADE DE CRÉDITO, FINANCIAMENTO E INVESTIMENTO EFÍ S.A.; ;4;0;0;1;
2026;1ş;Demais Bancos, Financeiras e Instituiçőes de Pagamento;Conglomerado;09089356;EFI S.A. IP;EFÍ S.A. - INSTITUIÇĂO DE PAGAMENTO; 0 ;172;42;58;125;
2026;1ş;Demais Bancos, Financeiras e Instituiçőes de Pagamento;Conglomerado; ;EMPRESA BRASILEIRA DE BENEFICIOS E PAGAMENTOS IP -; ; ;21;3;9;7;
2026;1ş;Demais Bancos, Financeiras e Instituiçőes de Pagamento;Conglomerado;33449007;EMPRESA BRASILEIRA DE BENEFICIOS E PAGAMENTOS IP -;EMPRESA BRASILEIRA DE BENEFICIOS E PAGAMENTOS INSTITUICAO DE PAGAMENTO LTDA; ;21;3;9;7;
2026;1ş;Demais Bancos, Financeiras e Instituiçőes de Pagamento;Conglomerado; ;FACILITA IP; ; ;4;0;0;1;
2026;1ş;Demais Bancos, Financeiras e Instituiçőes de Pagamento;Conglomerado;10789035;FACILITA IP;FACILITA INSTITUICAO DE PAGAMENTO S/A; ;4;0;0;1;
2026;1ş;Demais Bancos, Financeiras e Instituiçőes de Pagamento;Conglomerado; ;FACTA S.A. CFI; ;984,99;3353;363;1552;784;
2026;1ş;Demais Bancos, Financeiras e Instituiçőes de Pagamento;Conglomerado;15581638;FACTA S.A. CFI;FACTA FINANCEIRA S.A. - CRÉDITO FINANCIAMENTO E INVESTIMENTO; 0 ;3353;363;1552;784;
2026;1ş;Demais Bancos, Financeiras e Instituiçőes de Pagamento;Conglomerado; ;FINAMAX S.A. CFI; ; ;13;0;0;4;
2026;1ş;Demais Bancos, Financeiras e Instituiçőes de Pagamento;Conglomerado;00411939;FINAMAX S.A. CFI;FINAMAX S.A. - CREDITO, FINANCIAMENTO E INVESTIMENTO; ;13;0;0;4;
2026;1ş;Demais Bancos, Financeiras e Instituiçőes de Pagamento;Conglomerado; ;FINAXIS; ; ;6;1;3;2;
2026;1ş;Demais Bancos, Financeiras e Instituiçőes de Pagamento;Conglomerado;11758741;FINAXIS;BANCO FINAXIS S.A.; ;6;1;3;2;
2026;1ş;Demais Bancos, Financeiras e Instituiçőes de Pagamento;Conglomerado; ;FISERV DO BRASIL IP; ; ;8;1;8;1;
2026;1ş;Demais Bancos, Financeiras e Instituiçőes de Pagamento;Conglomerado;04962772;FISERV DO BRASIL IP;FISERV DO BRASIL  INSTITUIÇĂO DE PAGAMENTO LTDA; ;8;1;8;1;
2026;1ş;Demais Bancos, Financeiras e Instituiçőes de Pagamento;Conglomerado; ;FITS IP; ; ;56;24;34;40;
2026;1ş;Demais Bancos, Financeiras e Instituiçőes de Pagamento;Conglomerado;13203354;FITS IP;FITS INSTITUIÇĂO DE PAGAMENTO S.A.; ;56;24;34;40;
2026;1ş;Demais Bancos, Financeiras e Instituiçőes de Pagamento;Conglomerado; ;FLAGSHIP IP; ; ;7;1;2;3;
2026;1ş;Demais Bancos, Financeiras e Instituiçőes de Pagamento;Conglomerado;23114447;FLAGSHIP IP;FLAGSHIP INSTITUICAO DE PAGAMENTO LTDA; ;7;1;2;3;
2026;1ş;Demais Bancos, Financeiras e Instituiçőes de Pagamento;Conglomerado; ;FLASH TECNOLOGIA IP; ; ;2;0;0;1;
2026;1ş;Demais Bancos, Financeiras e Instituiçőes de Pagamento;Conglomerado;32223020;FLASH TECNOLOGIA IP;FLASH TECNOLOGIA E  INSTITUICAO DE PAGAMENTO LTDA; ;2;0;0;1;
2026;1ş;Demais Bancos, Financeiras e Instituiçőes de Pagamento;Conglomerado; ;FORIS GFS BR IP; ; ;20;5;13;8;
2026;1ş;Demais Bancos, Financeiras e Instituiçőes de Pagamento;Conglomerado;39993186;FORIS GFS BR IP;FORIS GFS BR INSTITUICAO DE PAGAMENTO LTDA; ;20;5;13;8;
2026;1ş;Demais Bancos, Financeiras e Instituiçőes de Pagamento;Conglomerado; ;GAZINCRED SCFI; ; ;15;0;0;9;
2026;1ş;Demais Bancos, Financeiras e Instituiçőes de Pagamento;Conglomerado;11760553;GAZINCRED SCFI;GAZINCRED S.A. SOCIEDADE DE CRÉDITO, FINANCIAMENTO E INVESTIMENTO; ;15;0;0;9;
2026;1ş;Demais Bancos, Financeiras e Instituiçőes de Pagamento;Conglomerado; ;GENIAL; ;28,89;129;56;71;102;
2026;1ş;Demais Bancos, Financeiras e Instituiçőes de Pagamento;Conglomerado;45246410;GENIAL;BANCO GENIAL S.A.; 0 ;129;56;71;102;
2026;1ş;Demais Bancos, Financeiras e Instituiçőes de Pagamento;Conglomerado; ;GM; ; ;121;20;27;89;
2026;1ş;Demais Bancos, Financeiras e Instituiçőes de Pagamento;Conglomerado;59274605;GM;BANCO GM S.A.; ;121;20;27;89;
2026;1ş;Demais Bancos, Financeiras e Instituiçőes de Pagamento;Conglomerado; ;GOLCRED; ; ;9;1;2;5;
2026;1ş;Demais Bancos, Financeiras e Instituiçőes de Pagamento;Conglomerado;07631026;GOLCRED;GOLCRED S/A - CRÉDITO, FINANCIAMENTO E INVESTIMENTO; ;9;1;2;5;
2026;1ş;Demais Bancos, Financeiras e Instituiçőes de Pagamento;Conglomerado; ;GOOGLE PAY BRASIL IP; ; ;10;0;0;3;
2026;1ş;Demais Bancos, Financeiras e Instituiçőes de Pagamento;Conglomerado;43394419;GOOGLE PAY BRASIL IP;GOOGLE PAY BRASIL INSTITUICAO DE PAGAMENTO LTDA.; ;10;0;0;3;
2026;1ş;Demais Bancos, Financeiras e Instituiçőes de Pagamento;Conglomerado; ;HONDA; ; ;180;24;36;119;
2026;1ş;Demais Bancos, Financeiras e Instituiçőes de Pagamento;Conglomerado;03634220;HONDA;BANCO HONDA S.A.; ;180;24;36;119;
2026;1ş;Demais Bancos, Financeiras e Instituiçőes de Pagamento;Conglomerado; ;HS FINANCEIRA; ; ;57;16;24;38;
2026;1ş;Demais Bancos, Financeiras e Instituiçőes de Pagamento;Conglomerado;07512441;HS FINANCEIRA;HS FINANCEIRA S/A CREDITO, FINANCIAMENTO E INVESTIMENTOS; ;57;16;24;38;
2026;1ş;Demais Bancos, Financeiras e Instituiçőes de Pagamento;Conglomerado; ;IFOOD PAGO IP; ; ;91;23;32;66;
2026;1ş;Demais Bancos, Financeiras e Instituiçőes de Pagamento;Conglomerado;19468242;IFOOD PAGO IP;IFOOD PAGO INSTITUIÇĂO DE PAGAMENTO S.A.; ;91;23;32;66;
2026;1ş;Demais Bancos, Financeiras e Instituiçőes de Pagamento;Conglomerado; ;INDUSTRIAL DO BRASIL; ; ;56;14;18;44;
2026;1ş;Demais Bancos, Financeiras e Instituiçőes de Pagamento;Conglomerado;31895683;INDUSTRIAL DO BRASIL;BANCO INDUSTRIAL DO BRASIL S.A.; ;56;14;18;44;
2026;1ş;Top 15 - Bancos, Financeiras e Instituiçőes de Pagamento;Conglomerado; ;INTER; ;34,86;8097;167;1506;890;
2026;1ş;Top 15 - Bancos, Financeiras e Instituiçőes de Pagamento;Conglomerado;22177858;INTER;INTER PAG INSTITUIÇĂO DE PAGAMENTO S.A.; 0 ;37;5;12;16;
2026;1ş;Top 15 - Bancos, Financeiras e Instituiçőes de Pagamento;Conglomerado;00416968;INTER;BANCO INTER S.A.; 0 ;8060;162;1494;874;
2026;1ş;Top 15 - Bancos, Financeiras e Instituiçőes de Pagamento;Conglomerado; ;ITAU; ;34,12;27703;361;3442;3223;
2026;1ş;Top 15 - Bancos, Financeiras e Instituiçőes de Pagamento;Conglomerado;61384004;ITAU;AVENUE SECURITIES BANCO DE INVESTIMENTO S.A.; 0 ;30;4;7;18;
2026;1ş;Top 15 - Bancos, Financeiras e Instituiçőes de Pagamento;Conglomerado;61190658;ITAU;BANCO ITAÚ VEÍCULOS S.A.; 0 ;130;16;18;116;
2026;1ş;Top 15 - Bancos, Financeiras e Instituiçőes de Pagamento;Conglomerado;61182408;ITAU;BANCO INVESTCRED UNIBANCO S.A.; 0 ;11;0;0;5;
2026;1ş;Top 15 - Bancos, Financeiras e Instituiçőes de Pagamento;Conglomerado;60872504;ITAU;ITAÚ UNIBANCO HOLDING S.A.; 0 ;2012;131;220;1199;
2026;1ş;Top 15 - Bancos, Financeiras e Instituiçőes de Pagamento;Conglomerado;60701190;ITAU;ITAÚ UNIBANCO S.A.; 0 ;22094;151;3078;1084;
2026;1ş;Top 15 - Bancos, Financeiras e Instituiçőes de Pagamento;Conglomerado;60394079;ITAU;BANCO ITAUBANK S.A.; 0 ;72;2;6;26;
2026;1ş;Top 15 - Bancos, Financeiras e Instituiçőes de Pagamento;Conglomerado;33885724;ITAU;BANCO ITAÚ CONSIGNADO S.A.; 0 ;493;20;53;186;
2026;1ş;Top 15 - Bancos, Financeiras e Instituiçőes de Pagamento;Conglomerado;17192451;ITAU;BANCO ITAUCARD S.A.; 0 ;1907;0;0;5;
2026;1ş;Top 15 - Bancos, Financeiras e Instituiçőes de Pagamento;Conglomerado;06881898;ITAU;FINANCEIRA ITAÚ CBD S.A. CRÉDITO, FINANCIAMENTO E INVESTIMENTO; 0 ;181;10;13;135;
2026;1ş;Top 15 - Bancos, Financeiras e Instituiçőes de Pagamento;Conglomerado;02206577;ITAU;LUIZACRED S.A. SOCIEDADE DE CRÉDITO, FINANCIAMENTO E INVESTIMENTO; 0 ;723;26;43;438;
2026;1ş;Top 15 - Bancos, Financeiras e Instituiçőes de Pagamento;Conglomerado;01425787;ITAU;REDECARD INSTITUIÇĂO DE PAGAMENTO S.A.; 0 ;50;1;5;11;
2026;1ş;Demais Bancos, Financeiras e Instituiçőes de Pagamento;Conglomerado; ;IUGU IP; ; ;58;19;26;43;
2026;1ş;Demais Bancos, Financeiras e Instituiçőes de Pagamento;Conglomerado;15111975;IUGU IP;IUGU INSTITUIÇĂO DE PAGAMENTO S.A.; ;58;19;26;43;
2026;1ş;Demais Bancos, Financeiras e Instituiçőes de Pagamento;Conglomerado; ;JBCRED S.A. SCFI; ; ;60;4;6;38;
2026;1ş;Demais Bancos, Financeiras e Instituiçőes de Pagamento;Conglomerado;04230630;JBCRED S.A. SCFI;JBCRED S.A. SOCIEDADE DE CREDITO, FINANCIAMENTO E INVESTIMENTO; ;60;4;6;38;
2026;1ş;Demais Bancos, Financeiras e Instituiçőes de Pagamento;Conglomerado; ;JP MORGAN CHASE; ; ;14;0;0;5;
2026;1ş;Demais Bancos, Financeiras e Instituiçőes de Pagamento;Conglomerado;46518205;JP MORGAN CHASE;JPMORGAN CHASE BANK, NATIONAL ASSOCIATION; ;7;0;0;2;
2026;1ş;Demais Bancos, Financeiras e Instituiçőes de Pagamento;Conglomerado;33172537;JP MORGAN CHASE;BANCO J.P. MORGAN S.A.; ;7;0;0;3;
2026;1ş;Demais Bancos, Financeiras e Instituiçőes de Pagamento;Conglomerado; ;KREDILIG S.A. - CFI; ; ;20;2;3;12;
2026;1ş;Demais Bancos, Financeiras e Instituiçőes de Pagamento;Conglomerado;06040559;KREDILIG S.A. - CFI;KREDILIG S.A. - CRÉDITO, FINANCIAMENTO E INVESTIMENTO; ;20;2;3;12;
2026;1ş;Demais Bancos, Financeiras e Instituiçőes de Pagamento;Conglomerado; ;LEBES FINANCEIRA SCFI; ; ;45;7;11;28;
2026;1ş;Demais Bancos, Financeiras e Instituiçőes de Pagamento;Conglomerado;11271860;LEBES FINANCEIRA SCFI;LEBES FINANCEIRA S.A. - SOCIEDADE DE CRÉDITO, FINANCIAMENTO E INVESTIMENTO; ;45;7;11;28;
2026;1ş;Demais Bancos, Financeiras e Instituiçőes de Pagamento;Conglomerado; ;LECCA; ;3.121,08;232;67;87;179;
2026;1ş;Demais Bancos, Financeiras e Instituiçőes de Pagamento;Conglomerado;07652226;LECCA;LECCA CRÉDITO, FINANCIAMENTO E INVESTIMENTO S/A; 0 ;232;67;87;179;
2026;1ş;Demais Bancos, Financeiras e Instituiçőes de Pagamento;Conglomerado; ;MAGALUPAY IP; ; ;105;5;6;89;
2026;1ş;Demais Bancos, Financeiras e Instituiçőes de Pagamento;Conglomerado;61021673;MAGALUPAY IP;MAGALUPAY - SOCIEDADE DE CRÉDITO, FINANCIAMENTO E INVESTIMENTO S.A.; ;24;0;0;17;
2026;1ş;Demais Bancos, Financeiras e Instituiçőes de Pagamento;Conglomerado;13884775;MAGALUPAY IP;MAGALUPAY INSTITUIÇĂO DE PAGAMENTO S.A.; ;81;5;6;72;
2026;1ş;Demais Bancos, Financeiras e Instituiçőes de Pagamento;Conglomerado; ;MAX IP; ; ;22;2;4;10;
2026;1ş;Demais Bancos, Financeiras e Instituiçőes de Pagamento;Conglomerado;54024532;MAX IP;MAX INSTITUIÇĂO DE PAGAMENTO LTDA; ;22;2;4;10;
2026;1ş;Demais Bancos, Financeiras e Instituiçőes de Pagamento;Conglomerado; ;MERCADO BITCOIN; ; ;16;2;5;6;
2026;1ş;Demais Bancos, Financeiras e Instituiçőes de Pagamento;Conglomerado;11351086;MERCADO BITCOIN;MERCADO BITCOIN INSTITUICAO DE PAGAMENTO LTDA; ;16;2;5;6;
2026;1ş;Top 15 - Bancos, Financeiras e Instituiçőes de Pagamento;Conglomerado; ;MERCADO PAGO IP; ;30,26;11177;379;2157;1660;
2026;1ş;Top 15 - Bancos, Financeiras e Instituiçőes de Pagamento;Conglomerado;37679449;MERCADO PAGO IP;MERCADO CRÉDITO SOCIEDADE DE CRÉDITO, FINANCIAMENTO E INVESTIMENTO S.A.; 0 ;7080;91;852;756;
2026;1ş;Top 15 - Bancos, Financeiras e Instituiçőes de Pagamento;Conglomerado;10573521;MERCADO PAGO IP;MERCADO PAGO INSTITUIÇĂO DE PAGAMENTO LTDA.; 0 ;4097;288;1305;904;
2026;1ş;Demais Bancos, Financeiras e Instituiçőes de Pagamento;Conglomerado; ;MERCANTIL DO BRASIL; ;178,93;3632;360;1585;852;
2026;1ş;Demais Bancos, Financeiras e Instituiçőes de Pagamento;Conglomerado;34169557;MERCANTIL DO BRASIL;BANCO MERCANTIL DE INVESTIMENTOS S/A; ;32;5;9;17;
2026;1ş;Demais Bancos, Financeiras e Instituiçőes de Pagamento;Conglomerado;33040601;MERCANTIL DO BRASIL;MERCANTIL FINANCEIRA S.A. - SOCIEDADE DE CRÉDITO, FINANCIAMENTO E INVESTIMENTO.; 0 ;123;30;37;101;
2026;1ş;Demais Bancos, Financeiras e Instituiçőes de Pagamento;Conglomerado;17184037;MERCANTIL DO BRASIL;BANCO MERCANTIL DO BRASIL S.A.; 0 ;3477;325;1540;734;
2026;1ş;Demais Bancos, Financeiras e Instituiçőes de Pagamento;Conglomerado; ;MERCEDES-BENZ; ; ;11;2;3;7;
2026;1ş;Demais Bancos, Financeiras e Instituiçőes de Pagamento;Conglomerado;60814191;MERCEDES-BENZ;BANCO MERCEDES-BENZ DO BRASIL S.A.; ;11;2;3;7;
2026;1ş;Demais Bancos, Financeiras e Instituiçőes de Pagamento;Conglomerado; ;MĘNTORE IP; ;216,64;414;176;273;267;
2026;1ş;Demais Bancos, Financeiras e Instituiçőes de Pagamento;Conglomerado;32343119;MĘNTORE IP;MĘNTORE INSTITUIÇĂO DE PAGAMENTO S.A.; 0 ;414;176;273;267;
2026;1ş;Demais Bancos, Financeiras e Instituiçőes de Pagamento;Conglomerado; ;MIDWAY S.A. - SCFI; ; ;1406;27;65;586;
2026;1ş;Demais Bancos, Financeiras e Instituiçőes de Pagamento;Conglomerado;09464032;MIDWAY S.A. - SCFI;MIDWAY S.A. - SOCIEDADE DE CRÉDITO, FINANCIAMENTO E INVESTIMENTO; ;1406;27;65;586;
2026;1ş;Demais Bancos, Financeiras e Instituiçőes de Pagamento;Conglomerado; ;MT IP; ;210.836,54;120;31;85;44;
2026;1ş;Demais Bancos, Financeiras e Instituiçőes de Pagamento;Conglomerado;50871921;MT IP;MT INSTITUICAO DE PAGAMENTO SA; 0 ;120;31;85;44;
2026;1ş;Demais Bancos, Financeiras e Instituiçőes de Pagamento;Conglomerado; ;NAIP IP; ; ;48;19;22;42;
2026;1ş;Demais Bancos, Financeiras e Instituiçőes de Pagamento;Conglomerado;09092759;NAIP IP;NAIP INSTITUIÇĂO DE PAGAMENTO S.A.; ;48;19;22;42;
2026;1ş;Demais Bancos, Financeiras e Instituiçőes de Pagamento;Conglomerado; ;NEGRESCO S.A. - CFI; ; ;34;1;1;29;
2026;1ş;Demais Bancos, Financeiras e Instituiçőes de Pagamento;Conglomerado;04379829;NEGRESCO S.A. - CFI;NEGRESCO S.A. - CREDITO, FINANCIAMENTO E INVESTIMENTOS; ;34;1;1;29;
2026;1ş;Top 15 - Bancos, Financeiras e Instituiçőes de Pagamento;Conglomerado; ;NEON PAGAMENTOS IP; ;30,55;2843;311;817;1043;
2026;1ş;Top 15 - Bancos, Financeiras e Instituiçőes de Pagamento;Conglomerado;20855875;NEON PAGAMENTOS IP;NEON PAGAMENTOS S.A. - INSTITUIÇĂO DE PAGAMENTO; 0 ;2326;184;643;666;
2026;1ş;Top 15 - Bancos, Financeiras e Instituiçőes de Pagamento;Conglomerado;11285104;NEON PAGAMENTOS IP;NEON FINANCEIRA - SOCIEDADE DE CRÉDITO, FINANCIAMENTO E INVESTIMENTO S.A; 0 ;517;127;174;377;
2026;1ş;Demais Bancos, Financeiras e Instituiçőes de Pagamento;Conglomerado; ;NG CASH IP; ;16,58;104;54;66;85;
2026;1ş;Demais Bancos, Financeiras e Instituiçőes de Pagamento;Conglomerado;40710595;NG CASH IP;NG CASH INSTITUIÇĂO DE PAGAMENTO LTDA.; 0 ;104;54;66;85;
2026;1ş;Demais Bancos, Financeiras e Instituiçőes de Pagamento;Conglomerado; ;NOVO BCO CONTINENTAL S.A. - BM; ;67,42;239;52;77;162;
2026;1ş;Demais Bancos, Financeiras e Instituiçőes de Pagamento;Conglomerado;74828799;NOVO BCO CONTINENTAL S.A. - BM;NOVO BANCO CONTINENTAL S.A. - BANCO MÚLTIPLO; 0 ;239;52;77;162;
2026;1ş;Top 15 - Bancos, Financeiras e Instituiçőes de Pagamento;Conglomerado; ;NU PAGAMENTOS; ;10,65;31143;78;1223;1748;
2026;1ş;Top 15 - Bancos, Financeiras e Instituiçőes de Pagamento;Conglomerado;32219232;NU PAGAMENTOS;NUPAY FOR BUSINESS INSTITUICAO DE PAGAMENTO LTDA.; 0 ;2;0;0;2;
2026;1ş;Top 15 - Bancos, Financeiras e Instituiçőes de Pagamento;Conglomerado;30680829;NU PAGAMENTOS;NU FINANCEIRA S.A. - SOCIEDADE DE CRÉDITO, FINANCIAMENTO E INVESTIMENTO; 0 ;26626;36;974;984;
2026;1ş;Top 15 - Bancos, Financeiras e Instituiçőes de Pagamento;Conglomerado;18236120;NU PAGAMENTOS;NU PAGAMENTOS S.A. - INSTITUIÇĂO DE PAGAMENTO; 0 ;4515;42;249;762;
2026;1ş;Demais Bancos, Financeiras e Instituiçőes de Pagamento;Conglomerado; ;NVIO BRASIL BITSO IP; ; ;47;11;16;32;
2026;1ş;Demais Bancos, Financeiras e Instituiçőes de Pagamento;Conglomerado;35136120;NVIO BRASIL BITSO IP;NVIO BRASIL BITSO INSTITUIÇĂO DE PAGAMENTO LTDA; ;47;11;16;32;
2026;1ş;Demais Bancos, Financeiras e Instituiçőes de Pagamento;Conglomerado; ;OKTO IP; ; ;15;0;0;4;
2026;1ş;Demais Bancos, Financeiras e Instituiçőes de Pagamento;Conglomerado;30980539;OKTO IP;OKTO INSTITUIÇĂO DE PAGAMENTO S.A.; ;15;0;0;4;
2026;1ş;Demais Bancos, Financeiras e Instituiçőes de Pagamento;Conglomerado; ;OMNI; ;22,67;500;31;44;344;
2026;1ş;Demais Bancos, Financeiras e Instituiçőes de Pagamento;Conglomerado;92228410;OMNI;OMNI S.A. - CREDITO FINANCIAMENTO E INVESTIMENTO; ;396;17;26;255;
2026;1ş;Demais Bancos, Financeiras e Instituiçőes de Pagamento;Conglomerado;60850229;OMNI;OMNI BANCO S.A.; ;101;13;15;88;
2026;1ş;Demais Bancos, Financeiras e Instituiçőes de Pagamento;Conglomerado;12481100;OMNI;BIZ INSTITUIÇĂO DE PAGAMENTO S.A.; ;3;1;3;1;
2026;1ş;Demais Bancos, Financeiras e Instituiçőes de Pagamento;Conglomerado; ;ONEKEY PAYMENTS IP; ; ;7;0;0;2;
2026;1ş;Demais Bancos, Financeiras e Instituiçőes de Pagamento;Conglomerado;35210410;ONEKEY PAYMENTS IP;ONEKEY PAYMENTS INSTITUICAO DE PAGAMENTO SA; ;7;0;0;2;
2026;1ş;Demais Bancos, Financeiras e Instituiçőes de Pagamento;Conglomerado; ;ORIGINAL; ;55,24;861;42;73;493;
2026;1ş;Demais Bancos, Financeiras e Instituiçőes de Pagamento;Conglomerado;92894922;ORIGINAL;BANCO ORIGINAL S.A.; 0 ;861;42;73;493;
2026;1ş;Demais Bancos, Financeiras e Instituiçőes de Pagamento;Conglomerado; ;OURIBANK; ; ;69;4;4;67;
2026;1ş;Demais Bancos, Financeiras e Instituiçőes de Pagamento;Conglomerado;78632767;OURIBANK;OURIBANK S.A. BANCO MÚLTIPLO; ;69;4;4;67;
2026;1ş;Demais Bancos, Financeiras e Instituiçőes de Pagamento;Conglomerado; ;PAGBRASIL TECNOLOGIA IP; ; ;58;0;0;37;
2026;1ş;Demais Bancos, Financeiras e Instituiçőes de Pagamento;Conglomerado;55251092;PAGBRASIL TECNOLOGIA IP;PAGBRASIL TECNOLOGIA INSTITUIÇĂO DE PAGAMENTO LTDA.; ;58;0;0;37;
2026;1ş;Demais Bancos, Financeiras e Instituiçőes de Pagamento;Conglomerado; ;PAGCERTO IP; ; ;13;1;3;5;
2026;1ş;Demais Bancos, Financeiras e Instituiçőes de Pagamento;Conglomerado;17819084;PAGCERTO IP;PAGCERTO INSTITUICAO DE PAGAMENTO LTDA.; ;13;1;3;5;
2026;1ş;Top 15 - Bancos, Financeiras e Instituiçőes de Pagamento;Conglomerado; ;PAGSEGURO; ;27,83;4920;179;944;900;
2026;1ş;Top 15 - Bancos, Financeiras e Instituiçőes de Pagamento;Conglomerado;10264663;PAGSEGURO;BANCOSEGURO S.A.; 0 ;199;36;49;146;
2026;1ş;Top 15 - Bancos, Financeiras e Instituiçőes de Pagamento;Conglomerado;08561701;PAGSEGURO;PAGSEGURO INTERNET INSTITUIÇĂO DE PAGAMENTO S.A.; 0 ;4721;143;895;754;
2026;1ş;Demais Bancos, Financeiras e Instituiçőes de Pagamento;Conglomerado; ;PAGSMILE IP; ; ;10;0;0;5;
2026;1ş;Demais Bancos, Financeiras e Instituiçőes de Pagamento;Conglomerado;37753531;PAGSMILE IP;PAGSMILE INSTITUIÇĂO DE PAGAMENTO LTDA.; ;10;0;0;5;
2026;1ş;Demais Bancos, Financeiras e Instituiçőes de Pagamento;Conglomerado; ;PAGUEVELOZ IP; ; ;261;26;39;176;
2026;1ş;Demais Bancos, Financeiras e Instituiçőes de Pagamento;Conglomerado;03816413;PAGUEVELOZ IP;PAGUEVELOZ INSTITUIÇĂO DE PAGAMENTO LTDA.; ;261;26;39;176;
2026;1ş;Demais Bancos, Financeiras e Instituiçőes de Pagamento;Conglomerado; ;PARANÁ BANCO; ;38,83;403;80;116;277;
2026;1ş;Demais Bancos, Financeiras e Instituiçőes de Pagamento;Conglomerado;14388334;PARANÁ BANCO;PARANÁ BANCO S.A.; 0 ;403;80;116;277;
2026;1ş;Demais Bancos, Financeiras e Instituiçőes de Pagamento;Conglomerado; ;PARATI CFI; ;41.341,58;1690;245;725;571;
2026;1ş;Demais Bancos, Financeiras e Instituiçőes de Pagamento;Conglomerado;03311443;PARATI CFI;PARATI - CREDITO, FINANCIAMENTO E INVESTIMENTO S.A.; 0 ;1690;245;725;571;
2026;1ş;Demais Bancos, Financeiras e Instituiçőes de Pagamento;Conglomerado; ;PAY4FUN IP S.A.; ; ;8;0;0;3;
2026;1ş;Demais Bancos, Financeiras e Instituiçőes de Pagamento;Conglomerado;20757199;PAY4FUN IP S.A.;PAY4FUN INSTITUICAO DE PAGAMENTO S.A.; ;8;0;0;3;
2026;1ş;Demais Bancos, Financeiras e Instituiçőes de Pagamento;Conglomerado; ;PAYPAL DO BRASIL IP; ; ;53;5;6;43;
2026;1ş;Demais Bancos, Financeiras e Instituiçőes de Pagamento;Conglomerado;10878448;PAYPAL DO BRASIL IP;PAYPAL DO BRASIL INSTITUIÇĂO DE PAGAMENTO LTDA.; ;53;5;6;43;
2026;1ş;Demais Bancos, Financeiras e Instituiçőes de Pagamento;Conglomerado; ;PEFISA S.A.; ;86,94;878;217;418;456;
2026;1ş;Demais Bancos, Financeiras e Instituiçőes de Pagamento;Conglomerado;43180355;PEFISA S.A.;PEFISA S.A. - CRÉDITO, FINANCIAMENTO E INVESTIMENTO; 0 ;878;217;418;456;
2026;1ş;Top 15 - Bancos, Financeiras e Instituiçőes de Pagamento;Conglomerado; ;PICPAY; ;37,22;9459;514;2563;1567;
2026;1ş;Top 15 - Bancos, Financeiras e Instituiçőes de Pagamento;Conglomerado;22896431;PICPAY;PICPAY INSTITUIÇĂO DE PAGAMENTO S.A.; 0 ;7181;156;1640;683;
2026;1ş;Top 15 - Bancos, Financeiras e Instituiçőes de Pagamento;Conglomerado;09516419;PICPAY;PICPAY BANK - BANCO MÚLTIPLO S.A; 0 ;2278;358;923;884;
2026;1ş;Demais Bancos, Financeiras e Instituiçőes de Pagamento;Conglomerado; ;PINBANK BRASIL IP; ; ;35;14;25;20;
2026;1ş;Demais Bancos, Financeiras e Instituiçőes de Pagamento;Conglomerado;17079937;PINBANK BRASIL IP;PINBANK BRASIL INSTITUIÇĂO DE PAGAMENTO S.A.; ;35;14;25;20;
2026;1ş;Demais Bancos, Financeiras e Instituiçőes de Pagamento;Conglomerado; ;PINE; ;192,31;1149;253;521;558;
2026;1ş;Demais Bancos, Financeiras e Instituiçőes de Pagamento;Conglomerado;62144175;PINE;BANCO PINE S.A.; 0 ;1149;253;521;558;
2026;1ş;Demais Bancos, Financeiras e Instituiçőes de Pagamento;Conglomerado; ;PLUXEE IP; ; ;54;6;12;26;
2026;1ş;Demais Bancos, Financeiras e Instituiçőes de Pagamento;Conglomerado;30798783;PLUXEE IP;PLUXEE INSTITUIÇĂO DE PAGAMENTO BRASIL S.A.; ;54;6;12;26;
2026;1ş;Demais Bancos, Financeiras e Instituiçőes de Pagamento;Conglomerado; ;PORTO SEGURO; ;150,52;1738;180;529;591;
2026;1ş;Demais Bancos, Financeiras e Instituiçőes de Pagamento;Conglomerado;04862600;PORTO SEGURO;PORTOSEG S.A. - CREDITO, FINANCIAMENTO E INVESTIMENTO; 0 ;1738;180;529;591;
2026;1ş;Demais Bancos, Financeiras e Instituiçőes de Pagamento;Conglomerado; ;PROTOTYPE IP; ; ;45;15;15;45;
2026;1ş;Demais Bancos, Financeiras e Instituiçőes de Pagamento;Conglomerado;35713491;PROTOTYPE IP;PROTOTYPE INSTITUICAO DE PAGAMENTO S.A.; ;45;15;15;45;
2026;1ş;Demais Bancos, Financeiras e Instituiçőes de Pagamento;Conglomerado; ;QISTA S.A. CFI; ; ;67;12;14;59;
2026;1ş;Demais Bancos, Financeiras e Instituiçőes de Pagamento;Conglomerado;36583700;QISTA S.A. CFI;QISTA S.A. - CRÉDITO, FINANCIAMENTO E INVESTIMENTO; ;67;12;14;59;
2026;1ş;Demais Bancos, Financeiras e Instituiçőes de Pagamento;Conglomerado; ;QUERO-QUERO VERDECARD IP; ; ;78;17;17;77;
2026;1ş;Demais Bancos, Financeiras e Instituiçőes de Pagamento;Conglomerado;01722480;QUERO-QUERO VERDECARD IP;QUERO-QUERO VERDECARD INSTITUIÇĂO DE PAGAMENTO S.A.; ;78;17;17;77;
2026;1ş;Demais Bancos, Financeiras e Instituiçőes de Pagamento;Conglomerado; ;REALIZE SCFI; ;10,66;1126;32;72;502;
2026;1ş;Demais Bancos, Financeiras e Instituiçőes de Pagamento;Conglomerado;27351731;REALIZE SCFI;REALIZE SOCIEDADE DE CRÉDITO, FINANCIAMENTO E INVESTIMENTO S.A.; 0 ;1126;32;72;502;
2026;1ş;Demais Bancos, Financeiras e Instituiçőes de Pagamento;Conglomerado; ;RECARGAPAY IP; ;24,42;1063;177;336;577;
2026;1ş;Demais Bancos, Financeiras e Instituiçőes de Pagamento;Conglomerado;44431743;RECARGAPAY IP;RP FINANCEIRA S.A. - SOCIEDADE DE CRÉDITO, FINANCIAMENTO E INVESTIMENTO; ;66;5;6;58;
2026;1ş;Demais Bancos, Financeiras e Instituiçőes de Pagamento;Conglomerado;11275560;RECARGAPAY IP;RECARGAPAY INSTITUICAO DE PAGAMENTO LTDA.; 0 ;997;172;330;519;
2026;1ş;Demais Bancos, Financeiras e Instituiçőes de Pagamento;Conglomerado; ;RENDIMENTO; ; ;27;4;6;18;
2026;1ş;Demais Bancos, Financeiras e Instituiçőes de Pagamento;Conglomerado;68900810;RENDIMENTO;BANCO RENDIMENTO S.A.; ;27;4;6;18;
2026;1ş;Demais Bancos, Financeiras e Instituiçőes de Pagamento;Conglomerado; ;RODOBENS; ; ;18;3;7;8;
2026;1ş;Demais Bancos, Financeiras e Instituiçőes de Pagamento;Conglomerado;33603457;RODOBENS;BANCO RODOBENS S.A.; ;18;3;7;8;
2026;1ş;Demais Bancos, Financeiras e Instituiçőes de Pagamento;Conglomerado; ;RPW S/A SCFI; ; ;55;17;21;45;
2026;1ş;Demais Bancos, Financeiras e Instituiçőes de Pagamento;Conglomerado;06249129;RPW S/A SCFI;RPW S/A SOCIEDADE DE CRÉDITO, FINANCIAMENTO E INVESTIMENTO; ;55;17;21;45;
2026;1ş;Demais Bancos, Financeiras e Instituiçőes de Pagamento;Conglomerado; ;SAFRA; ;148,07;2377;271;630;1057;
2026;1ş;Demais Bancos, Financeiras e Instituiçőes de Pagamento;Conglomerado;58160789;SAFRA;BANCO SAFRA S.A.; 0 ;1740;161;482;581;
2026;1ş;Demais Bancos, Financeiras e Instituiçőes de Pagamento;Conglomerado;45437547;SAFRA;SAFRA CRÉDITO, FINANCIAMENTO E INVESTIMENTO S.A.; 0 ;267;49;68;192;
2026;1ş;Demais Bancos, Financeiras e Instituiçőes de Pagamento;Conglomerado;17167412;SAFRA;FINANCEIRA ALFA S.A. - CRÉDITO, FINANCIAMENTO E INVESTIMENTOS; ;113;19;25;85;
2026;1ş;Demais Bancos, Financeiras e Instituiçőes de Pagamento;Conglomerado;03323840;SAFRA;BANCO ALFA S.A.; ;117;24;32;88;
2026;1ş;Demais Bancos, Financeiras e Instituiçőes de Pagamento;Conglomerado;03017677;SAFRA;BANCO J. SAFRA S.A.; ;140;18;23;111;
2026;1ş;Top 15 - Bancos, Financeiras e Instituiçőes de Pagamento;Conglomerado; ;SANTANDER; ;34,49;24301;187;2471;1605;
2026;1ş;Top 15 - Bancos, Financeiras e Instituiçőes de Pagamento;Conglomerado;90400888;SANTANDER;BANCO SANTANDER (BRASIL) S.A.; 0 ;22656;93;2237;942;
2026;1ş;Top 15 - Bancos, Financeiras e Instituiçőes de Pagamento;Conglomerado;62307848;SANTANDER;BANCO RCI BRASIL S.A.; 0 ;102;4;6;71;
2026;1ş;Top 15 - Bancos, Financeiras e Instituiçőes de Pagamento;Conglomerado;30172491;SANTANDER;BANCO HYUNDAI CAPITAL BRASIL S.A.; 0 ;70;8;10;56;
2026;1ş;Top 15 - Bancos, Financeiras e Instituiçőes de Pagamento;Conglomerado;10440482;SANTANDER;GETNET ADQUIRĘNCIA E SERVIÇOS PARA MEIOS DE PAGAMENTO S.A. INSTITUIÇĂO DE PAGAMENTO; 0 ;153;1;4;38;
2026;1ş;Top 15 - Bancos, Financeiras e Instituiçőes de Pagamento;Conglomerado;07707650;SANTANDER;SANTANDER SOCIEDADE DE CRÉDITO, FINANCIAMENTO E INVESTIMENTO S.A.; 0 ;1320;81;215;498;
2026;1ş;Demais Bancos, Financeiras e Instituiçőes de Pagamento;Conglomerado; ;SANTINVEST; ; ;13;1;2;6;
2026;1ş;Demais Bancos, Financeiras e Instituiçőes de Pagamento;Conglomerado;00122327;SANTINVEST;SANTINVEST S.A. - CREDITO, FINANCIAMENTO E INVESTIMENTOS; ;13;1;2;6;
2026;1ş;Demais Bancos, Financeiras e Instituiçőes de Pagamento;Conglomerado; ;SCANIA; ; ;2;0;0;1;
2026;1ş;Demais Bancos, Financeiras e Instituiçőes de Pagamento;Conglomerado;11417016;SCANIA;SCANIA BANCO S.A.; ;2;0;0;1;
2026;1ş;Demais Bancos, Financeiras e Instituiçőes de Pagamento;Conglomerado; ;SEM PARAR IP; ; ;182;15;26;104;
2026;1ş;Demais Bancos, Financeiras e Instituiçőes de Pagamento;Conglomerado;04088208;SEM PARAR IP;SEM PARAR INSTITUICAO DE PAGAMENTO LTDA; ;182;15;26;104;
2026;1ş;Demais Bancos, Financeiras e Instituiçőes de Pagamento;Conglomerado; ;SENFFNET IP; ;142,67;252;97;129;193;
2026;1ş;Demais Bancos, Financeiras e Instituiçőes de Pagamento;Conglomerado;11970623;SENFFNET IP;BANCO SENFF S.A.; 0 ;220;90;122;162;
2026;1ş;Demais Bancos, Financeiras e Instituiçőes de Pagamento;Conglomerado;03877288;SENFFNET IP;SENFFNET INSTITUIÇĂO DE PAGAMENTO LTDA.; ;32;7;7;31;
2026;1ş;Demais Bancos, Financeiras e Instituiçőes de Pagamento;Conglomerado; ;SERVNET IP; ; ;8;1;4;2;
2026;1ş;Demais Bancos, Financeiras e Instituiçőes de Pagamento;Conglomerado;29759316;SERVNET IP;SERVNET INSTITUIÇĂO DE PAGAMENTO LTDA.; ;8;1;4;2;
2026;1ş;Demais Bancos, Financeiras e Instituiçőes de Pagamento;Conglomerado; ;SHPP BRASIL IP; ;12,73;434;88;134;286;
2026;1ş;Demais Bancos, Financeiras e Instituiçőes de Pagamento;Conglomerado;38372267;SHPP BRASIL IP;SHPP BRASIL INSTITUIÇĂO DE PAGAMENTO E SERVIÇOS DE PAGAMENTOS LTDA.; 0 ;434;88;134;286;
2026;1ş;Demais Bancos, Financeiras e Instituiçőes de Pagamento;Conglomerado; ;SIMPALA CFI; ; ;20;6;8;16;
2026;1ş;Demais Bancos, Financeiras e Instituiçőes de Pagamento;Conglomerado;34991938;SIMPALA CFI;SIMPALA S.A. CRÉDITO, FINANCIAMENTO E INVESTIMENTO; ;20;6;8;16;
2026;1ş;Demais Bancos, Financeiras e Instituiçőes de Pagamento;Conglomerado; ;SOCINAL S.A. CFI; ; ;112;8;11;83;
2026;1ş;Demais Bancos, Financeiras e Instituiçőes de Pagamento;Conglomerado;03881423;SOCINAL S.A. CFI;SOCINAL S.A. - CRÉDITO, FINANCIAMENTO E INVESTIMENTO; ;112;8;11;83;
2026;1ş;Demais Bancos, Financeiras e Instituiçőes de Pagamento;Conglomerado; ;SOFISA; ;169,28;495;164;254;318;
2026;1ş;Demais Bancos, Financeiras e Instituiçőes de Pagamento;Conglomerado;60889128;SOFISA;BANCO SOFISA S.A.; 0 ;466;148;232;297;
2026;1ş;Demais Bancos, Financeiras e Instituiçőes de Pagamento;Conglomerado;08257293;SOFISA;SOFISA S.A. CRÉDITO, FINANCIAMENTO E INVESTIMENTO; ;29;16;22;21;
2026;1ş;Demais Bancos, Financeiras e Instituiçőes de Pagamento;Conglomerado; ;STARK SCD; ; ;65;11;16;44;
2026;1ş;Demais Bancos, Financeiras e Instituiçőes de Pagamento;Conglomerado;20018183;STARK SCD;STARK BANK S.A. - INSTITUICAO DE PAGAMENTO; ;65;11;16;44;
2026;1ş;Demais Bancos, Financeiras e Instituiçőes de Pagamento;Conglomerado; ;STELLANTIS; ; ;138;11;15;98;
2026;1ş;Demais Bancos, Financeiras e Instituiçőes de Pagamento;Conglomerado;03502961;STELLANTIS;STELLANTIS FINANCIAMENTOS SOCIEDADE DE CRÉDITO, FINANCIAMENTO E INVESTIMENTO S.A; ;138;11;15;98;
2026;1ş;Demais Bancos, Financeiras e Instituiçőes de Pagamento;Conglomerado; ;STONE IP; ;30,77;1676;91;376;406;
2026;1ş;Demais Bancos, Financeiras e Instituiçőes de Pagamento;Conglomerado;53505601;STONE IP;STONE SOCIEDADE DE CREDITO, FINANCIAMENTO E INVESTIMENTO S.A.; ;37;3;7;15;
2026;1ş;Demais Bancos, Financeiras e Instituiçőes de Pagamento;Conglomerado;16501555;STONE IP;STONE INSTITUIÇĂO DE PAGAMENTO S.A.; 0 ;1639;88;369;391;
2026;1ş;Demais Bancos, Financeiras e Instituiçőes de Pagamento;Conglomerado; ;STRIPE BRASIL IP PRUDENCIAL; ; ;14;1;4;4;
2026;1ş;Demais Bancos, Financeiras e Instituiçőes de Pagamento;Conglomerado;22121209;STRIPE BRASIL IP PRUDENCIAL;STRIPE BRASIL SOLUCOES DE PAGAMENTO INSTITUICAO DE PAGAMENTO LTDA; ;14;1;4;4;
2026;1ş;Demais Bancos, Financeiras e Instituiçőes de Pagamento;Conglomerado; ;SUMUP IP; ; ;96;7;15;45;
2026;1ş;Demais Bancos, Financeiras e Instituiçőes de Pagamento;Conglomerado;16668076;SUMUP IP;SUMUP INSTITUICAO DE PAGAMENTO BRASIL LTDA; ;96;7;15;45;
2026;1ş;Demais Bancos, Financeiras e Instituiçőes de Pagamento;Conglomerado; ;SUPERBID PAY IP; ; ;18;6;11;10;
2026;1ş;Demais Bancos, Financeiras e Instituiçőes de Pagamento;Conglomerado;35084163;SUPERBID PAY IP;SUPERBID PAY INSTITUICAO DE PAGAMENTO LTDA; ;18;6;11;10;
2026;1ş;Demais Bancos, Financeiras e Instituiçőes de Pagamento;Conglomerado; ;SWAP IP; ; ;68;29;34;58;
2026;1ş;Demais Bancos, Financeiras e Instituiçőes de Pagamento;Conglomerado;31680151;SWAP IP;SWAP INSTITUIÇĂO DE PAGAMENTO S.A.; ;68;29;34;58;
2026;1ş;Demais Bancos, Financeiras e Instituiçőes de Pagamento;Conglomerado; ;SWILE IP; ; ;18;6;14;8;
2026;1ş;Demais Bancos, Financeiras e Instituiçőes de Pagamento;Conglomerado;37374538;SWILE IP;SWILE INSTITUICAO DE PAGAMENTO LTDA; ;18;6;14;8;
2026;1ş;Demais Bancos, Financeiras e Instituiçőes de Pagamento;Conglomerado; ;TBANKS IP; ; ;10;1;10;1;
2026;1ş;Demais Bancos, Financeiras e Instituiçőes de Pagamento;Conglomerado;46004634;TBANKS IP;TBANKS INSTITUICAO DE PAGAMENTO SA; ;10;1;10;1;
2026;1ş;Demais Bancos, Financeiras e Instituiçőes de Pagamento;Conglomerado; ;TODESCREDI S/A - CFI; ; ;8;0;0;2;
2026;1ş;Demais Bancos, Financeiras e Instituiçőes de Pagamento;Conglomerado;09473806;TODESCREDI S/A - CFI;TODESCREDI S/A - CRÉDITO, FINANCIAMENTO E INVESTIMENTO; ;8;0;0;2;
2026;1ş;Demais Bancos, Financeiras e Instituiçőes de Pagamento;Conglomerado; ;TRANSFEERA IP; ; ;6;2;4;3;
2026;1ş;Demais Bancos, Financeiras e Instituiçőes de Pagamento;Conglomerado;27084098;TRANSFEERA IP;TRANSFEERA INSTITUIÇĂO DE PAGAMENTO S.A; ;6;2;4;3;
2026;1ş;Demais Bancos, Financeiras e Instituiçőes de Pagamento;Conglomerado; ;TRANSFERO IP; ; ;4;2;4;2;
2026;1ş;Demais Bancos, Financeiras e Instituiçőes de Pagamento;Conglomerado;47133056;TRANSFERO IP;TRANSFERO INSTITUICAO DE PAGAMENTO LTDA.; ;4;2;4;2;
2026;1ş;Demais Bancos, Financeiras e Instituiçőes de Pagamento;Conglomerado; ;TRIO IP; ; ;27;9;17;14;
2026;1ş;Demais Bancos, Financeiras e Instituiçőes de Pagamento;Conglomerado;49931906;TRIO IP;TRIO INSTITUICAO DE PAGAMENTO LTDA.; ;27;9;17;14;
2026;1ş;Demais Bancos, Financeiras e Instituiçőes de Pagamento;Conglomerado; ;TYCOON TECHNOLOGY IP; ; ;36;17;20;30;
2026;1ş;Demais Bancos, Financeiras e Instituiçőes de Pagamento;Conglomerado;26615279;TYCOON TECHNOLOGY IP;TYCOON TECHNOLOGY INSTITUICAO DE PAGAMENTO S.A; ;36;17;20;30;
2026;1ş;Demais Bancos, Financeiras e Instituiçőes de Pagamento;Conglomerado; ;V3 IP; ; ;8;2;8;2;
2026;1ş;Demais Bancos, Financeiras e Instituiçőes de Pagamento;Conglomerado;38320462;V3 IP;V3 INSTITUICAO DE PAGAMENTO S.A.; ;8;2;8;2;
2026;1ş;Demais Bancos, Financeiras e Instituiçőes de Pagamento;Conglomerado; ;VALOR CFI; ; ;63;15;20;48;
2026;1ş;Demais Bancos, Financeiras e Instituiçőes de Pagamento;Conglomerado;07799277;VALOR CFI;VALOR S/A SOCIEDADE DE CRÉDITO, FINANCIAMENTO E INVESTIMENTO; ;63;15;20;48;
2026;1ş;Demais Bancos, Financeiras e Instituiçőes de Pagamento;Conglomerado; ;VIA CERTA CFI; ; ;41;2;2;33;
2026;1ş;Demais Bancos, Financeiras e Instituiçőes de Pagamento;Conglomerado;05192316;VIA CERTA CFI;VIA CERTA FINANCIADORA S.A. - CRÉDITO, FINANCIAMENTO E INVESTIMENTOS; ;41;2;2;33;
2026;1ş;Demais Bancos, Financeiras e Instituiçőes de Pagamento;Conglomerado; ;VOLKSWAGEN; ;253,81;565;96;168;322;
2026;1ş;Demais Bancos, Financeiras e Instituiçőes de Pagamento;Conglomerado;59109165;VOLKSWAGEN;BANCO VOLKSWAGEN S.A.; 0 ;565;96;168;322;
2026;1ş;Demais Bancos, Financeiras e Instituiçőes de Pagamento;Conglomerado; ;VOTORANTIM; ;58,37;2821;209;566;1087;
2026;1ş;Demais Bancos, Financeiras e Instituiçőes de Pagamento;Conglomerado;59588111;VOTORANTIM;BANCO VOTORANTIM S.A.; 0 ;751;58;108;404;
2026;1ş;Demais Bancos, Financeiras e Instituiçőes de Pagamento;Conglomerado;13140088;VOTORANTIM;ACESSO SOLUÇŐES DE PAGAMENTO S.A. - INSTITUIÇĂO DE PAGAMENTO; ;47;8;10;37;
2026;1ş;Demais Bancos, Financeiras e Instituiçőes de Pagamento;Conglomerado;01858774;VOTORANTIM;BANCO BV S.A.; 0 ;2023;143;448;646;
2026;1ş;Demais Bancos, Financeiras e Instituiçőes de Pagamento;Conglomerado; ;VOX IP; ; ;20;5;9;11;
2026;1ş;Demais Bancos, Financeiras e Instituiçőes de Pagamento;Conglomerado;07314204;VOX IP;VOX INSTITUICAO DE PAGAMENTO S.A.; ;20;5;9;11;
2026;1ş;Demais Bancos, Financeiras e Instituiçőes de Pagamento;Conglomerado; ;VR; ; ;17;3;9;6;
2026;1ş;Demais Bancos, Financeiras e Instituiçőes de Pagamento;Conglomerado;78626983;VR;BANCO VR S.A.; ;17;3;9;6;
2026;1ş;Demais Bancos, Financeiras e Instituiçőes de Pagamento;Conglomerado; ;WESTERN UNION; ; ;12;1;4;3;
2026;1ş;Demais Bancos, Financeiras e Instituiçőes de Pagamento;Conglomerado;13720915;WESTERN UNION;BANCO WESTERN UNION DO BRASIL S.A.; ;12;1;4;3;
2026;1ş;Demais Bancos, Financeiras e Instituiçőes de Pagamento;Conglomerado; ;WISE BRASIL CC; ;13,53;176;48;66;128;
2026;1ş;Demais Bancos, Financeiras e Instituiçőes de Pagamento;Conglomerado;40571694;WISE BRASIL CC;WISE BRASIL INSTITUICAO DE PAGAMENTO LTDA; 0 ;176;48;66;128;
2026;1ş;Demais Bancos, Financeiras e Instituiçőes de Pagamento;Conglomerado; ;WOOVI IP; ; ;30;13;23;17;
2026;1ş;Demais Bancos, Financeiras e Instituiçőes de Pagamento;Conglomerado;54811417;WOOVI IP;WOOVI INSTITUICAO DE PAGAMENTO LTDA; ;30;13;23;17;
2026;1ş;Demais Bancos, Financeiras e Instituiçőes de Pagamento;Conglomerado; ;XP; ;26,42;881;92;192;422;
2026;1ş;Demais Bancos, Financeiras e Instituiçőes de Pagamento;Conglomerado;33264668;XP;BANCO XP S.A.; 0 ;881;92;192;422;
2026;1ş;Demais Bancos, Financeiras e Instituiçőes de Pagamento;Conglomerado; ;YAMAHA MOTOR; ; ;84;11;13;69;
2026;1ş;Demais Bancos, Financeiras e Instituiçőes de Pagamento;Conglomerado;10371492;YAMAHA MOTOR;BANCO YAMAHA MOTOR DO BRASIL S.A.; ;84;11;13;69;
2026;1ş;Demais Bancos, Financeiras e Instituiçőes de Pagamento;Conglomerado; ;Z1 INSTITUIÇĂO DE PAGAMENTO; ; ;3;0;0;1;
2026;1ş;Demais Bancos, Financeiras e Instituiçőes de Pagamento;Conglomerado;35810871;Z1 INSTITUIÇĂO DE PAGAMENTO;Z1 INSTITUIÇĂO DE PAGAMENTO LTDA.; ;3;0;0;1;
2026;1ş;Demais Bancos, Financeiras e Instituiçőes de Pagamento;Conglomerado; ;ZEMA CFI; ; ;112;16;22;81;
2026;1ş;Demais Bancos, Financeiras e Instituiçőes de Pagamento;Conglomerado;05351887;ZEMA CFI;ZEMA CRÉDITO, FINANCIAMENTO E INVESTIMENTO S/A; ;112;16;22;81;
2026;1ş;Demais Bancos, Financeiras e Instituiçőes de Pagamento;Conglomerado; ;ZERO IP; ; ;19;6;13;9;
2026;1ş;Demais Bancos, Financeiras e Instituiçőes de Pagamento;Conglomerado;26264220;ZERO IP;ZERO INSTITUIÇĂO DE PAGAMENTO S.A.; ;19;6;13;9;
