Ano;Semestre;CNPJ AC;Administradora de consórcio;Irregularidade;Quantidade de reclamações reguladas procedentes;Quantidade de reclamações reguladas - outras;Quantidade de reclamações não reguladas;Quantidade total de reclamações;
2024;2º;84911098;ADEMICON ADMINISTRADORA DE CONSÓRCIOS S.A.;Descumprimento de cláusulas referentes à devolução de valores;0;4;0;4;
2024;2º;84911098;ADEMICON ADMINISTRADORA DE CONSÓRCIOS S.A.;Descumprimento de ordem judicial - Consórcio;0;0;2;2;
2024;2º;84911098;ADEMICON ADMINISTRADORA DE CONSÓRCIOS S.A.;Insatisfação com a resposta fornecida pela administradora de consórcio relativa à demanda registrada contra ela;0;2;0;2;
2024;2º;84911098;ADEMICON ADMINISTRADORA DE CONSÓRCIOS S.A.;Irregularidades relacionadas à liberação do crédito;2;2;0;4;
2024;2º;84911098;ADEMICON ADMINISTRADORA DE CONSÓRCIOS S.A.;Irregularidades relativas a integridade, confiabilidade, segurança, sigilo ou legitimidade das operações e serviços prestados relacionados a administradora de consórcio;6;4;0;10;
2024;2º;84911098;ADEMICON ADMINISTRADORA DE CONSÓRCIOS S.A.;Não fornecimento, remessa ou divulgação de documentos por parte de administradora de consórcio;1;3;0;4;
2024;2º;84911098;ADEMICON ADMINISTRADORA DE CONSÓRCIOS S.A.;Oferta ou prestação de informação a respeito de produtos e serviços de forma inadequada por administradora de consórcio;5;0;0;5;
2024;2º;84911098;ADEMICON ADMINISTRADORA DE CONSÓRCIOS S.A.;Renegociação de dívida - Consórcio;0;0;3;3;
2024;2º;06044551;ADMINISTRADORA DE CONSORCIO NACIONAL GAZIN LTDA;Irregularidades relacionadas a informações e liquidação de valores a receber no sistema SVR do BCB por parte de consórcios;0;1;0;1;
2024;2º;06044551;ADMINISTRADORA DE CONSORCIO NACIONAL GAZIN LTDA;Irregularidades relacionadas à liberação do crédito;1;0;0;1;
2024;2º;06044551;ADMINISTRADORA DE CONSORCIO NACIONAL GAZIN LTDA;Irregularidades relacionadas às condições para contemplação por lance ou sorteio;0;1;0;1;
2024;2º;06044551;ADMINISTRADORA DE CONSORCIO NACIONAL GAZIN LTDA;Irregularidades relativas a integridade, confiabilidade, segurança, sigilo ou legitimidade das operações e serviços prestados relacionados a administradora de consórcio;1;1;0;2;
2024;2º;45441789;ADMINISTRADORA DE CONSORCIO NACIONAL HONDA LTDA;Cancelamento de contrato a pedido do cliente não atendido por administradora de consórcio;1;1;0;2;
2024;2º;45441789;ADMINISTRADORA DE CONSORCIO NACIONAL HONDA LTDA;Cobranças Diversas - Consórcio;0;0;1;1;
2024;2º;45441789;ADMINISTRADORA DE CONSORCIO NACIONAL HONDA LTDA;Descumprimento de cláusulas referentes à devolução de valores;1;10;0;11;
2024;2º;45441789;ADMINISTRADORA DE CONSORCIO NACIONAL HONDA LTDA;Descumprimento de obrigações previstas em contratos;1;2;0;3;
2024;2º;45441789;ADMINISTRADORA DE CONSORCIO NACIONAL HONDA LTDA;Insatisfação com a resposta fornecida pela administradora de consórcio relativa à demanda registrada contra ela;0;2;0;2;
2024;2º;45441789;ADMINISTRADORA DE CONSORCIO NACIONAL HONDA LTDA;Insatisfação por parte do cliente com o atendimento prestado pela administradora de consórcio;4;0;0;4;
2024;2º;45441789;ADMINISTRADORA DE CONSORCIO NACIONAL HONDA LTDA;Irregularidades relacionadas a informações e liquidação de valores a receber no sistema SVR do BCB por parte de consórcios;46;10;0;56;
2024;2º;45441789;ADMINISTRADORA DE CONSORCIO NACIONAL HONDA LTDA;Irregularidades relacionadas à liberação do crédito;7;7;0;14;
2024;2º;45441789;ADMINISTRADORA DE CONSORCIO NACIONAL HONDA LTDA;Irregularidades relacionadas às condições para contemplação por lance ou sorteio;2;2;0;4;
2024;2º;45441789;ADMINISTRADORA DE CONSORCIO NACIONAL HONDA LTDA;Irregularidades relativas a integridade, confiabilidade, segurança, sigilo ou legitimidade das operações e serviços prestados relacionados a administradora de consórcio;6;7;0;13;
2024;2º;45441789;ADMINISTRADORA DE CONSORCIO NACIONAL HONDA LTDA;Não fornecimento, remessa ou divulgação de documentos por parte de administradora de consórcio;3;4;0;7;
2024;2º;45441789;ADMINISTRADORA DE CONSORCIO NACIONAL HONDA LTDA;Oferta ou prestação de informação a respeito de produtos e serviços de forma inadequada por administradora de consórcio;2;4;0;6;
2024;2º;45441789;ADMINISTRADORA DE CONSORCIO NACIONAL HONDA LTDA;Outras irregularidades;0;1;0;1;
2024;2º;45441789;ADMINISTRADORA DE CONSORCIO NACIONAL HONDA LTDA;Reclamações relacionadas a assuntos diversos;0;0;5;5;
2024;2º;45441789;ADMINISTRADORA DE CONSORCIO NACIONAL HONDA LTDA;Recusa de produtos ou serviços - Consórcio;0;0;1;1;
2024;2º;45441789;ADMINISTRADORA DE CONSORCIO NACIONAL HONDA LTDA;Renegociação de dívida - Consórcio;0;0;4;4;
2024;2º;07808907;ADMINISTRADORA DE CONSORCIOS SICREDI LTDA;Descumprimento de cláusulas referentes à devolução de valores;0;1;0;1;
2024;2º;07808907;ADMINISTRADORA DE CONSORCIOS SICREDI LTDA;Falta de transparência na redação de documentos por parte de administradora de consórcio;1;0;0;1;
2024;2º;07808907;ADMINISTRADORA DE CONSORCIOS SICREDI LTDA;Insatisfação com a resposta fornecida pela administradora de consórcio relativa à demanda registrada contra ela;0;1;0;1;
2024;2º;07808907;ADMINISTRADORA DE CONSORCIOS SICREDI LTDA;Insatisfação por parte do cliente com o atendimento prestado pela administradora de consórcio;1;0;0;1;
2024;2º;07808907;ADMINISTRADORA DE CONSORCIOS SICREDI LTDA;Irregularidades relacionadas a informações e liquidação de valores a receber no sistema SVR do BCB por parte de consórcios;0;1;0;1;
2024;2º;07808907;ADMINISTRADORA DE CONSORCIOS SICREDI LTDA;Irregularidades relacionadas à liberação do crédito;2;1;0;3;
2024;2º;07808907;ADMINISTRADORA DE CONSORCIOS SICREDI LTDA;Irregularidades relativas a integridade, confiabilidade, segurança, sigilo ou legitimidade das operações e serviços prestados relacionados a administradora de consórcio;3;1;0;4;
2024;2º;07808907;ADMINISTRADORA DE CONSORCIOS SICREDI LTDA;Não fornecimento, remessa ou divulgação de documentos por parte de administradora de consórcio;4;0;0;4;
2024;2º;73230674;ADMINISTRADORA DE CONSÓRCIO RCI BRASIL LTDA;Descumprimento de cláusulas referentes à devolução de valores;0;3;0;3;
2024;2º;73230674;ADMINISTRADORA DE CONSÓRCIO RCI BRASIL LTDA;Insatisfação com a resposta fornecida pela administradora de consórcio relativa à demanda registrada contra ela;0;1;0;1;
2024;2º;73230674;ADMINISTRADORA DE CONSÓRCIO RCI BRASIL LTDA;Irregularidades relacionadas à liberação do crédito;0;1;0;1;
2024;2º;73230674;ADMINISTRADORA DE CONSÓRCIO RCI BRASIL LTDA;Irregularidades relativas a integridade, confiabilidade, segurança, sigilo ou legitimidade das operações e serviços prestados relacionados a administradora de consórcio;1;2;0;3;
2024;2º;73230674;ADMINISTRADORA DE CONSÓRCIO RCI BRASIL LTDA;Oferta ou prestação de informação a respeito de produtos e serviços de forma inadequada por administradora de consórcio;1;0;0;1;
2024;2º;73230674;ADMINISTRADORA DE CONSÓRCIO RCI BRASIL LTDA;Recusa de produtos ou serviços - Consórcio;0;0;1;1;
2024;2º;73230674;ADMINISTRADORA DE CONSÓRCIO RCI BRASIL LTDA;Renegociação de dívida - Consórcio;0;0;1;1;
2024;2º;91341925;ADMINISTRADORA DE CONSÓRCIO SPENGLER LTDA.;Irregularidades relacionadas a informações e liquidação de valores a receber no sistema SVR do BCB por parte de consórcios;1;0;0;1;
2024;2º;12228808;ADMINISTRADORA DE CONSÓRCIO UNICOOB LTDA;Irregularidades relativas a integridade, confiabilidade, segurança, sigilo ou legitimidade das operações e serviços prestados relacionados a administradora de consórcio;1;0;0;1;
2024;2º;90982679;ALPHA ADMINISTRADORA DE CONSÓRCIO LTDA.;Cancelamento de contrato a pedido do cliente não atendido por administradora de consórcio;0;2;0;2;
2024;2º;90982679;ALPHA ADMINISTRADORA DE CONSÓRCIO LTDA.;Descumprimento de cláusulas referentes à devolução de valores;1;3;0;4;
2024;2º;90982679;ALPHA ADMINISTRADORA DE CONSÓRCIO LTDA.;Descumprimento de obrigações previstas em contratos;0;1;0;1;
2024;2º;90982679;ALPHA ADMINISTRADORA DE CONSÓRCIO LTDA.;Insatisfação com a resposta fornecida pela administradora de consórcio relativa à demanda registrada contra ela;0;8;0;8;
2024;2º;90982679;ALPHA ADMINISTRADORA DE CONSÓRCIO LTDA.;Irregularidades relativas a integridade, confiabilidade, segurança, sigilo ou legitimidade das operações e serviços prestados relacionados a administradora de consórcio;1;0;0;1;
2024;2º;90982679;ALPHA ADMINISTRADORA DE CONSÓRCIO LTDA.;Oferta ou prestação de informação a respeito de produtos e serviços de forma inadequada por administradora de consórcio;31;5;0;36;
2024;2º;60375243;ANCORA ADMINISTRADORA DE CONSORCIOS S.A.;Descumprimento de cláusulas referentes à devolução de valores;0;2;0;2;
2024;2º;60375243;ANCORA ADMINISTRADORA DE CONSORCIOS S.A.;Falta de transparência na redação de documentos por parte de administradora de consórcio;1;0;0;1;
2024;2º;60375243;ANCORA ADMINISTRADORA DE CONSORCIOS S.A.;Irregularidades relacionadas a informações e liquidação de valores a receber no sistema SVR do BCB por parte de consórcios;2;1;0;3;
2024;2º;60375243;ANCORA ADMINISTRADORA DE CONSORCIOS S.A.;Irregularidades relacionadas à liberação do crédito;0;3;0;3;
2024;2º;60375243;ANCORA ADMINISTRADORA DE CONSORCIOS S.A.;Irregularidades relativas a integridade, confiabilidade, segurança, sigilo ou legitimidade das operações e serviços prestados relacionados a administradora de consórcio;1;0;0;1;
2024;2º;60375243;ANCORA ADMINISTRADORA DE CONSORCIOS S.A.;Oferta ou prestação de informação a respeito de produtos e serviços de forma inadequada por administradora de consórcio;2;1;0;3;
2024;2º;60375243;ANCORA ADMINISTRADORA DE CONSORCIOS S.A.;Renegociação de dívida - Consórcio;0;0;2;2;
2024;2º;03762583;ÁPICE ADMINISTRADORA DE CONSORCIO LTDA;Não fornecimento, remessa ou divulgação de documentos por parte de administradora de consórcio;1;0;0;1;
2024;2º;71045363;BAMAQ ADMINISTRADORA DE CONSÓRCIOS LTDA;Cancelamento de contrato a pedido do cliente não atendido por administradora de consórcio;1;2;0;3;
2024;2º;71045363;BAMAQ ADMINISTRADORA DE CONSÓRCIOS LTDA;Descumprimento de cláusulas referentes à devolução de valores;0;1;0;1;
2024;2º;71045363;BAMAQ ADMINISTRADORA DE CONSÓRCIOS LTDA;Insatisfação por parte do cliente com o atendimento prestado pela administradora de consórcio;1;0;0;1;
2024;2º;71045363;BAMAQ ADMINISTRADORA DE CONSÓRCIOS LTDA;Irregularidades relacionadas a informações e liquidação de valores a receber no sistema SVR do BCB por parte de consórcios;0;1;0;1;
2024;2º;71045363;BAMAQ ADMINISTRADORA DE CONSÓRCIOS LTDA;Irregularidades relacionadas à liberação do crédito;0;3;0;3;
2024;2º;71045363;BAMAQ ADMINISTRADORA DE CONSÓRCIOS LTDA;Irregularidades relativas a integridade, confiabilidade, segurança, sigilo ou legitimidade das operações e serviços prestados relacionados a administradora de consórcio;3;0;0;3;
2024;2º;71045363;BAMAQ ADMINISTRADORA DE CONSÓRCIOS LTDA;Não fornecimento, remessa ou divulgação de documentos por parte de administradora de consórcio;1;0;0;1;
2024;2º;71045363;BAMAQ ADMINISTRADORA DE CONSÓRCIOS LTDA;Oferta ou prestação de informação a respeito de produtos e serviços de forma inadequada por administradora de consórcio;2;0;0;2;
2024;2º;71045363;BAMAQ ADMINISTRADORA DE CONSÓRCIOS LTDA;Outras irregularidades;0;1;0;1;
2024;2º;02010478;BANCORBRÁS ADMINISTRADORA DE CONSÓRCIOS S.A.;Descumprimento de cláusulas referentes à devolução de valores;0;1;0;1;
2024;2º;02010478;BANCORBRÁS ADMINISTRADORA DE CONSÓRCIOS S.A.;Irregularidades relacionadas a informações e liquidação de valores a receber no sistema SVR do BCB por parte de consórcios;2;1;0;3;
2024;2º;02010478;BANCORBRÁS ADMINISTRADORA DE CONSÓRCIOS S.A.;Irregularidades relacionadas à liberação do crédito;1;3;0;4;
2024;2º;02010478;BANCORBRÁS ADMINISTRADORA DE CONSÓRCIOS S.A.;Oferta ou prestação de informação a respeito de produtos e serviços de forma inadequada por administradora de consórcio;1;1;0;2;
2024;2º;92692979;BANRISUL S.A. - ADMINISTRADORA DE CONSÓRCIOS;Descumprimento de cláusulas referentes à devolução de valores;0;1;0;1;
2024;2º;92692979;BANRISUL S.A. - ADMINISTRADORA DE CONSÓRCIOS;Irregularidades relacionadas à liberação do crédito;0;3;0;3;
2024;2º;92692979;BANRISUL S.A. - ADMINISTRADORA DE CONSÓRCIOS;Não fornecimento, remessa ou divulgação de documentos por parte de administradora de consórcio;0;1;0;1;
2024;2º;92692979;BANRISUL S.A. - ADMINISTRADORA DE CONSÓRCIOS;Recusa de produtos ou serviços - Consórcio;0;0;1;1;
2024;2º;06043050;BB ADMINISTRADORA DE CONSORCIOS S.A.;Cancelamento de contrato a pedido do cliente não atendido por administradora de consórcio;2;0;0;2;
2024;2º;06043050;BB ADMINISTRADORA DE CONSORCIOS S.A.;Descumprimento de cláusulas referentes à devolução de valores;6;9;0;15;
2024;2º;06043050;BB ADMINISTRADORA DE CONSORCIOS S.A.;Descumprimento de prazo de resposta a demanda;0;2;0;2;
2024;2º;06043050;BB ADMINISTRADORA DE CONSORCIOS S.A.;Falta de transparência na redação de documentos por parte de administradora de consórcio;2;0;0;2;
2024;2º;06043050;BB ADMINISTRADORA DE CONSORCIOS S.A.;Insatisfação com a resposta fornecida pela administradora de consórcio relativa à demanda registrada contra ela;2;3;0;5;
2024;2º;06043050;BB ADMINISTRADORA DE CONSORCIOS S.A.;Insatisfação por parte do cliente com o atendimento prestado pela administradora de consórcio;3;0;0;3;
2024;2º;06043050;BB ADMINISTRADORA DE CONSORCIOS S.A.;Irregularidades relacionadas a informações e liquidação de valores a receber no sistema SVR do BCB por parte de consórcios;2;2;0;4;
2024;2º;06043050;BB ADMINISTRADORA DE CONSORCIOS S.A.;Irregularidades relacionadas à liberação do crédito;9;13;0;22;
2024;2º;06043050;BB ADMINISTRADORA DE CONSORCIOS S.A.;Irregularidades relacionadas às condições para contemplação por lance ou sorteio;1;2;0;3;
2024;2º;06043050;BB ADMINISTRADORA DE CONSORCIOS S.A.;Irregularidades relativas a integridade, confiabilidade, segurança, sigilo ou legitimidade das operações e serviços prestados relacionados a administradora de consórcio;14;9;0;23;
2024;2º;06043050;BB ADMINISTRADORA DE CONSORCIOS S.A.;Não fornecimento, remessa ou divulgação de documentos por parte de administradora de consórcio;2;7;0;9;
2024;2º;06043050;BB ADMINISTRADORA DE CONSORCIOS S.A.;Oferta ou prestação de informação a respeito de produtos e serviços de forma inadequada por administradora de consórcio;11;3;0;14;
2024;2º;06043050;BB ADMINISTRADORA DE CONSORCIOS S.A.;Reclamações relacionadas a assuntos diversos;0;0;1;1;
2024;2º;06043050;BB ADMINISTRADORA DE CONSORCIOS S.A.;Recusa de produtos ou serviços - Consórcio;0;0;2;2;
2024;2º;06043050;BB ADMINISTRADORA DE CONSORCIOS S.A.;Renegociação de dívida - Consórcio;0;0;2;2;
2024;2º;36770683;BBC ADMINISTRADORA DE CONSÓRCIOS LTDA;Irregularidades relativas a integridade, confiabilidade, segurança, sigilo ou legitimidade das operações e serviços prestados relacionados a administradora de consórcio;0;1;0;1;
2024;2º;06181431;BP ADMINISTRADORA DE CONSÓRCIO LTDA;Insatisfação com a resposta fornecida pela administradora de consórcio relativa à demanda registrada contra ela;0;2;0;2;
2024;2º;06181431;BP ADMINISTRADORA DE CONSÓRCIO LTDA;Irregularidades relacionadas à liberação do crédito;1;1;0;2;
2024;2º;06181431;BP ADMINISTRADORA DE CONSÓRCIO LTDA;Irregularidades relativas a integridade, confiabilidade, segurança, sigilo ou legitimidade das operações e serviços prestados relacionados a administradora de consórcio;2;3;0;5;
2024;2º;06181431;BP ADMINISTRADORA DE CONSÓRCIO LTDA;Oferta ou prestação de informação a respeito de produtos e serviços de forma inadequada por administradora de consórcio;2;0;0;2;
2024;2º;14723388;BR CONSÓRCIOS ADMINISTRADORA DE CONSÓRCIOS LTDA;Cobranças Diversas - Consórcio;0;0;1;1;
2024;2º;14723388;BR CONSÓRCIOS ADMINISTRADORA DE CONSÓRCIOS LTDA;Descumprimento de cláusulas referentes à devolução de valores;0;1;0;1;
2024;2º;14723388;BR CONSÓRCIOS ADMINISTRADORA DE CONSÓRCIOS LTDA;Irregularidades relacionadas a informações e liquidação de valores a receber no sistema SVR do BCB por parte de consórcios;0;1;0;1;
2024;2º;14723388;BR CONSÓRCIOS ADMINISTRADORA DE CONSÓRCIOS LTDA;Irregularidades relacionadas à liberação do crédito;0;2;0;2;
2024;2º;14723388;BR CONSÓRCIOS ADMINISTRADORA DE CONSÓRCIOS LTDA;Irregularidades relacionadas às condições para contemplação por lance ou sorteio;0;1;0;1;
2024;2º;14723388;BR CONSÓRCIOS ADMINISTRADORA DE CONSÓRCIOS LTDA;Irregularidades relativas a integridade, confiabilidade, segurança, sigilo ou legitimidade das operações e serviços prestados relacionados a administradora de consórcio;1;2;0;3;
2024;2º;14723388;BR CONSÓRCIOS ADMINISTRADORA DE CONSÓRCIOS LTDA;Não fornecimento, remessa ou divulgação de documentos por parte de administradora de consórcio;0;1;0;1;
2024;2º;14723388;BR CONSÓRCIOS ADMINISTRADORA DE CONSÓRCIOS LTDA;Oferta ou prestação de informação a respeito de produtos e serviços de forma inadequada por administradora de consórcio;1;0;0;1;
2024;2º;14723388;BR CONSÓRCIOS ADMINISTRADORA DE CONSÓRCIOS LTDA;Renegociação de dívida - Consórcio;0;0;2;2;
2024;2º;52568821;BRADESCO ADMINISTRADORA DE CONSÓRCIOS LTDA.;Cancelamento de contrato a pedido do cliente não atendido por administradora de consórcio;1;3;0;4;
2024;2º;52568821;BRADESCO ADMINISTRADORA DE CONSÓRCIOS LTDA.;Cobranças Diversas - Consórcio;0;0;5;5;
2024;2º;52568821;BRADESCO ADMINISTRADORA DE CONSÓRCIOS LTDA.;Descumprimento de cláusulas referentes à devolução de valores;7;40;0;47;
2024;2º;52568821;BRADESCO ADMINISTRADORA DE CONSÓRCIOS LTDA.;Descumprimento de obrigações previstas em contratos;3;14;0;17;
2024;2º;52568821;BRADESCO ADMINISTRADORA DE CONSÓRCIOS LTDA.;Descumprimento de prazo de resposta a demanda;0;4;0;4;
2024;2º;52568821;BRADESCO ADMINISTRADORA DE CONSÓRCIOS LTDA.;Insatisfação com a resposta fornecida pela administradora de consórcio relativa à demanda registrada contra ela;11;19;0;30;
2024;2º;52568821;BRADESCO ADMINISTRADORA DE CONSÓRCIOS LTDA.;Insatisfação por parte do cliente com o atendimento prestado pela administradora de consórcio;15;3;0;18;
2024;2º;52568821;BRADESCO ADMINISTRADORA DE CONSÓRCIOS LTDA.;Irregularidades relacionadas a informações e liquidação de valores a receber no sistema SVR do BCB por parte de consórcios;14;25;0;39;
2024;2º;52568821;BRADESCO ADMINISTRADORA DE CONSÓRCIOS LTDA.;Irregularidades relacionadas à liberação do crédito;32;48;0;80;
2024;2º;52568821;BRADESCO ADMINISTRADORA DE CONSÓRCIOS LTDA.;Irregularidades relacionadas às condições para contemplação por lance ou sorteio;0;5;0;5;
2024;2º;52568821;BRADESCO ADMINISTRADORA DE CONSÓRCIOS LTDA.;Irregularidades relativas a integridade, confiabilidade, segurança, sigilo ou legitimidade das operações e serviços prestados relacionados a administradora de consórcio;68;48;0;116;
2024;2º;52568821;BRADESCO ADMINISTRADORA DE CONSÓRCIOS LTDA.;Não fornecimento, remessa ou divulgação de documentos por parte de administradora de consórcio;10;19;0;29;
2024;2º;52568821;BRADESCO ADMINISTRADORA DE CONSÓRCIOS LTDA.;Oferta ou prestação de informação a respeito de produtos e serviços de forma inadequada por administradora de consórcio;6;12;0;18;
2024;2º;52568821;BRADESCO ADMINISTRADORA DE CONSÓRCIOS LTDA.;Outras irregularidades;0;1;0;1;
2024;2º;52568821;BRADESCO ADMINISTRADORA DE CONSÓRCIOS LTDA.;Reclamações relacionadas a assuntos diversos;0;0;7;7;
2024;2º;52568821;BRADESCO ADMINISTRADORA DE CONSÓRCIOS LTDA.;Recusa de produtos ou serviços - Consórcio;0;0;3;3;
2024;2º;52568821;BRADESCO ADMINISTRADORA DE CONSÓRCIOS LTDA.;Renegociação de dívida - Consórcio;0;0;8;8;
2024;2º;03762395;BRENNER ADMINISTRADORA DE CONSORCIO LTDA;Reclamações relacionadas a assuntos diversos;0;0;1;1;
2024;2º;03762395;BRENNER ADMINISTRADORA DE CONSORCIO LTDA;Renegociação de dívida - Consórcio;0;0;1;1;
2024;2º;45713971;BRQUALY ADMINISTRADORA DE CONSÓRCIOS LTDA.;Descumprimento de cláusulas referentes à devolução de valores;0;1;0;1;
2024;2º;45713971;BRQUALY ADMINISTRADORA DE CONSÓRCIOS LTDA.;Irregularidades relacionadas à liberação do crédito;1;0;0;1;
2024;2º;68318773;CANOPUS ADMINISTRADORA DE CONSORCIOS S/A;Insatisfação com a resposta fornecida pela administradora de consórcio relativa à demanda registrada contra ela;0;1;0;1;
2024;2º;68318773;CANOPUS ADMINISTRADORA DE CONSORCIOS S/A;Insatisfação por parte do cliente com o atendimento prestado pela administradora de consórcio;1;0;1;2;
2024;2º;68318773;CANOPUS ADMINISTRADORA DE CONSORCIOS S/A;Irregularidades relacionadas à liberação do crédito;0;2;0;2;
2024;2º;68318773;CANOPUS ADMINISTRADORA DE CONSORCIOS S/A;Irregularidades relacionadas às condições para contemplação por lance ou sorteio;0;2;0;2;
2024;2º;68318773;CANOPUS ADMINISTRADORA DE CONSORCIOS S/A;Oferta ou prestação de informação a respeito de produtos e serviços de forma inadequada por administradora de consórcio;0;1;0;1;
2024;2º;68318773;CANOPUS ADMINISTRADORA DE CONSORCIOS S/A;Outras irregularidades;0;1;0;1;
2024;2º;68318773;CANOPUS ADMINISTRADORA DE CONSORCIOS S/A;Renegociação de dívida - Consórcio;0;0;1;1;
2024;2º;59129403;CNF - ADMINISTRADORA DE CONSÓRCIOS NACIONAL LTDA.;Descumprimento de cláusulas referentes à devolução de valores;0;2;0;2;
2024;2º;59129403;CNF - ADMINISTRADORA DE CONSÓRCIOS NACIONAL LTDA.;Irregularidades relacionadas a informações e liquidação de valores a receber no sistema SVR do BCB por parte de consórcios;0;1;0;1;
2024;2º;59129403;CNF - ADMINISTRADORA DE CONSÓRCIOS NACIONAL LTDA.;Irregularidades relacionadas à liberação do crédito;0;1;0;1;
2024;2º;05349595;CNP CONSÓRCIO S.A. ADMINISTRADORA DE CONSÓRCIOS;Descumprimento de cláusulas referentes à devolução de valores;10;12;0;22;
2024;2º;05349595;CNP CONSÓRCIO S.A. ADMINISTRADORA DE CONSÓRCIOS;Descumprimento de obrigações previstas em contratos;1;4;0;5;
2024;2º;05349595;CNP CONSÓRCIO S.A. ADMINISTRADORA DE CONSÓRCIOS;Descumprimento de prazo de resposta a demanda;3;1;0;4;
2024;2º;05349595;CNP CONSÓRCIO S.A. ADMINISTRADORA DE CONSÓRCIOS;Insatisfação com a resposta fornecida pela administradora de consórcio relativa à demanda registrada contra ela;2;1;0;3;
2024;2º;05349595;CNP CONSÓRCIO S.A. ADMINISTRADORA DE CONSÓRCIOS;Insatisfação por parte do cliente com o atendimento prestado pela administradora de consórcio;2;0;2;4;
2024;2º;05349595;CNP CONSÓRCIO S.A. ADMINISTRADORA DE CONSÓRCIOS;Irregularidades relacionadas a informações e liquidação de valores a receber no sistema SVR do BCB por parte de consórcios;18;8;0;26;
2024;2º;05349595;CNP CONSÓRCIO S.A. ADMINISTRADORA DE CONSÓRCIOS;Irregularidades relacionadas à liberação do crédito;20;16;0;36;
2024;2º;05349595;CNP CONSÓRCIO S.A. ADMINISTRADORA DE CONSÓRCIOS;Irregularidades relacionadas às condições para contemplação por lance ou sorteio;0;2;0;2;
2024;2º;05349595;CNP CONSÓRCIO S.A. ADMINISTRADORA DE CONSÓRCIOS;Irregularidades relativas a integridade, confiabilidade, segurança, sigilo ou legitimidade das operações e serviços prestados relacionados a administradora de consórcio;18;9;0;27;
2024;2º;05349595;CNP CONSÓRCIO S.A. ADMINISTRADORA DE CONSÓRCIOS;Não fornecimento, remessa ou divulgação de documentos por parte de administradora de consórcio;4;6;0;10;
2024;2º;05349595;CNP CONSÓRCIO S.A. ADMINISTRADORA DE CONSÓRCIOS;Oferta ou prestação de informação a respeito de produtos e serviços de forma inadequada por administradora de consórcio;8;6;0;14;
2024;2º;05349595;CNP CONSÓRCIO S.A. ADMINISTRADORA DE CONSÓRCIOS;Recusa de produtos ou serviços - Consórcio;0;0;2;2;
2024;2º;05349595;CNP CONSÓRCIO S.A. ADMINISTRADORA DE CONSÓRCIOS;Renegociação de dívida - Consórcio;0;0;3;3;
2024;2º;27268770;COIMEX ADMINISTRADORA DE CONSÓRCIOS S.A.;Descumprimento de cláusulas referentes à devolução de valores;0;1;0;1;
2024;2º;27268770;COIMEX ADMINISTRADORA DE CONSÓRCIOS S.A.;Insatisfação com a resposta fornecida pela administradora de consórcio relativa à demanda registrada contra ela;0;1;0;1;
2024;2º;27268770;COIMEX ADMINISTRADORA DE CONSÓRCIOS S.A.;Irregularidades relacionadas à liberação do crédito;0;5;0;5;
2024;2º;27268770;COIMEX ADMINISTRADORA DE CONSÓRCIOS S.A.;Irregularidades relacionadas às condições para contemplação por lance ou sorteio;0;1;0;1;
2024;2º;27268770;COIMEX ADMINISTRADORA DE CONSÓRCIOS S.A.;Irregularidades relativas a integridade, confiabilidade, segurança, sigilo ou legitimidade das operações e serviços prestados relacionados a administradora de consórcio;1;5;0;6;
2024;2º;27268770;COIMEX ADMINISTRADORA DE CONSÓRCIOS S.A.;Não fornecimento, remessa ou divulgação de documentos por parte de administradora de consórcio;0;1;0;1;
2024;2º;27268770;COIMEX ADMINISTRADORA DE CONSÓRCIOS S.A.;Oferta ou prestação de informação a respeito de produtos e serviços de forma inadequada por administradora de consórcio;2;1;0;3;
2024;2º;27268770;COIMEX ADMINISTRADORA DE CONSÓRCIOS S.A.;Recusa de produtos ou serviços - Consórcio;0;0;1;1;
2024;2º;07336852;CONBRAV - ADMINISTRADORA DE CONSÓRCIOS LTDA.;Irregularidades relacionadas a informações e liquidação de valores a receber no sistema SVR do BCB por parte de consórcios;2;0;0;2;
2024;2º;07336852;CONBRAV - ADMINISTRADORA DE CONSÓRCIOS LTDA.;Irregularidades relacionadas à liberação do crédito;1;0;0;1;
2024;2º;44196293;CONSHOP ADMINISTRADORA DE CONSORCIOS LTDA.;Descumprimento de cláusulas referentes à devolução de valores;1;0;0;1;
2024;2º;44196293;CONSHOP ADMINISTRADORA DE CONSORCIOS LTDA.;Irregularidades relacionadas à liberação do crédito;1;1;0;2;
2024;2º;44196293;CONSHOP ADMINISTRADORA DE CONSORCIOS LTDA.;Irregularidades relativas a integridade, confiabilidade, segurança, sigilo ou legitimidade das operações e serviços prestados relacionados a administradora de consórcio;2;1;0;3;
2024;2º;44196293;CONSHOP ADMINISTRADORA DE CONSORCIOS LTDA.;Não fornecimento, remessa ou divulgação de documentos por parte de administradora de consórcio;1;0;0;1;
2024;2º;44196293;CONSHOP ADMINISTRADORA DE CONSORCIOS LTDA.;Oferta ou prestação de informação a respeito de produtos e serviços de forma inadequada por administradora de consórcio;1;0;0;1;
2024;2º;47658539;CONSÓRCIO NACIONAL VOLKSWAGEN - ADMINISTRADORA DE CONSÓRCIO LTDA.;Descumprimento de cláusulas referentes à devolução de valores;3;11;0;14;
2024;2º;47658539;CONSÓRCIO NACIONAL VOLKSWAGEN - ADMINISTRADORA DE CONSÓRCIO LTDA.;Descumprimento de obrigações previstas em contratos;0;1;0;1;
2024;2º;47658539;CONSÓRCIO NACIONAL VOLKSWAGEN - ADMINISTRADORA DE CONSÓRCIO LTDA.;Descumprimento de prazo de resposta a demanda;1;0;0;1;
2024;2º;47658539;CONSÓRCIO NACIONAL VOLKSWAGEN - ADMINISTRADORA DE CONSÓRCIO LTDA.;Falta de transparência na redação de documentos por parte de administradora de consórcio;1;0;0;1;
2024;2º;47658539;CONSÓRCIO NACIONAL VOLKSWAGEN - ADMINISTRADORA DE CONSÓRCIO LTDA.;Insatisfação com a resposta fornecida pela administradora de consórcio relativa à demanda registrada contra ela;0;1;0;1;
2024;2º;47658539;CONSÓRCIO NACIONAL VOLKSWAGEN - ADMINISTRADORA DE CONSÓRCIO LTDA.;Insatisfação por parte do cliente com o atendimento prestado pela administradora de consórcio;0;2;1;3;
2024;2º;47658539;CONSÓRCIO NACIONAL VOLKSWAGEN - ADMINISTRADORA DE CONSÓRCIO LTDA.;Irregularidades relacionadas a informações e liquidação de valores a receber no sistema SVR do BCB por parte de consórcios;4;14;0;18;
2024;2º;47658539;CONSÓRCIO NACIONAL VOLKSWAGEN - ADMINISTRADORA DE CONSÓRCIO LTDA.;Irregularidades relacionadas à liberação do crédito;0;4;0;4;
2024;2º;47658539;CONSÓRCIO NACIONAL VOLKSWAGEN - ADMINISTRADORA DE CONSÓRCIO LTDA.;Irregularidades relacionadas às condições para contemplação por lance ou sorteio;0;2;0;2;
2024;2º;47658539;CONSÓRCIO NACIONAL VOLKSWAGEN - ADMINISTRADORA DE CONSÓRCIO LTDA.;Irregularidades relativas a integridade, confiabilidade, segurança, sigilo ou legitimidade das operações e serviços prestados relacionados a administradora de consórcio;3;6;0;9;
2024;2º;47658539;CONSÓRCIO NACIONAL VOLKSWAGEN - ADMINISTRADORA DE CONSÓRCIO LTDA.;Irregularidades relativas a telemarketing, SMS ou WhatsApp com oferta de Consórcio;0;0;1;1;
2024;2º;47658539;CONSÓRCIO NACIONAL VOLKSWAGEN - ADMINISTRADORA DE CONSÓRCIO LTDA.;Oferta ou prestação de informação a respeito de produtos e serviços de forma inadequada por administradora de consórcio;7;1;0;8;
2024;2º;47658539;CONSÓRCIO NACIONAL VOLKSWAGEN - ADMINISTRADORA DE CONSÓRCIO LTDA.;Renegociação de dívida - Consórcio;0;0;1;1;
2024;2º;58919903;CONVEF ADMINISTRADORA DE CONSÓRCIOS LTDA.;Descumprimento de cláusulas referentes à devolução de valores;0;4;0;4;
2024;2º;58919903;CONVEF ADMINISTRADORA DE CONSÓRCIOS LTDA.;Descumprimento de prazo de resposta a demanda;1;0;0;1;
2024;2º;58919903;CONVEF ADMINISTRADORA DE CONSÓRCIOS LTDA.;Insatisfação por parte do cliente com o atendimento prestado pela administradora de consórcio;2;0;0;2;
2024;2º;58919903;CONVEF ADMINISTRADORA DE CONSÓRCIOS LTDA.;Irregularidades relacionadas a informações e liquidação de valores a receber no sistema SVR do BCB por parte de consórcios;2;1;0;3;
2024;2º;58919903;CONVEF ADMINISTRADORA DE CONSÓRCIOS LTDA.;Irregularidades relacionadas à liberação do crédito;1;1;0;2;
2024;2º;61550836;COOPERATIVA MISTA ROMA;Descumprimento de cláusulas referentes à devolução de valores;0;2;0;2;
2024;2º;61550836;COOPERATIVA MISTA ROMA;Descumprimento de obrigações previstas em contratos;0;1;0;1;
2024;2º;61550836;COOPERATIVA MISTA ROMA;Insatisfação com a resposta fornecida pela administradora de consórcio relativa à demanda registrada contra ela;0;2;0;2;
2024;2º;61550836;COOPERATIVA MISTA ROMA;Irregularidades relativas a integridade, confiabilidade, segurança, sigilo ou legitimidade das operações e serviços prestados relacionados a administradora de consórcio;0;1;0;1;
2024;2º;61550836;COOPERATIVA MISTA ROMA;Não fornecimento, remessa ou divulgação de documentos por parte de administradora de consórcio;0;1;0;1;
2024;2º;61550836;COOPERATIVA MISTA ROMA;Oferta ou prestação de informação a respeito de produtos e serviços de forma inadequada por administradora de consórcio;7;10;0;17;
2024;2º;59395061;DISAL ADMINISTRADORA DE CONSÓRCIOS LTDA;Cancelamento de contrato a pedido do cliente não atendido por administradora de consórcio;1;0;0;1;
2024;2º;59395061;DISAL ADMINISTRADORA DE CONSÓRCIOS LTDA;Descumprimento de cláusulas referentes à devolução de valores;2;6;0;8;
2024;2º;59395061;DISAL ADMINISTRADORA DE CONSÓRCIOS LTDA;Descumprimento de obrigações previstas em contratos;1;2;0;3;
2024;2º;59395061;DISAL ADMINISTRADORA DE CONSÓRCIOS LTDA;Descumprimento de prazo de resposta a demanda;0;1;0;1;
2024;2º;59395061;DISAL ADMINISTRADORA DE CONSÓRCIOS LTDA;Insatisfação com a resposta fornecida pela administradora de consórcio relativa à demanda registrada contra ela;0;4;0;4;
2024;2º;59395061;DISAL ADMINISTRADORA DE CONSÓRCIOS LTDA;Insatisfação por parte do cliente com o atendimento prestado pela administradora de consórcio;0;0;1;1;
2024;2º;59395061;DISAL ADMINISTRADORA DE CONSÓRCIOS LTDA;Irregularidades relacionadas a informações e liquidação de valores a receber no sistema SVR do BCB por parte de consórcios;2;2;0;4;
2024;2º;59395061;DISAL ADMINISTRADORA DE CONSÓRCIOS LTDA;Irregularidades relacionadas à liberação do crédito;7;3;0;10;
2024;2º;59395061;DISAL ADMINISTRADORA DE CONSÓRCIOS LTDA;Irregularidades relacionadas às condições para contemplação por lance ou sorteio;0;3;0;3;
2024;2º;59395061;DISAL ADMINISTRADORA DE CONSÓRCIOS LTDA;Irregularidades relativas a integridade, confiabilidade, segurança, sigilo ou legitimidade das operações e serviços prestados relacionados a administradora de consórcio;11;6;0;17;
2024;2º;59395061;DISAL ADMINISTRADORA DE CONSÓRCIOS LTDA;Não fornecimento, remessa ou divulgação de documentos por parte de administradora de consórcio;8;1;0;9;
2024;2º;59395061;DISAL ADMINISTRADORA DE CONSÓRCIOS LTDA;Oferta ou prestação de informação a respeito de produtos e serviços de forma inadequada por administradora de consórcio;9;4;0;13;
2024;2º;59395061;DISAL ADMINISTRADORA DE CONSÓRCIOS LTDA;Outras irregularidades relacionadas à Ouvidoria;0;1;0;1;
2024;2º;59395061;DISAL ADMINISTRADORA DE CONSÓRCIOS LTDA;Renegociação de dívida - Consórcio;0;0;1;1;
2024;2º;58113812;EMBRACON ADMINISTRADORA DE CONSÓRCIO LTDA;Cancelamento de contrato a pedido do cliente não atendido por administradora de consórcio;2;2;0;4;
2024;2º;58113812;EMBRACON ADMINISTRADORA DE CONSÓRCIO LTDA;Descumprimento de cláusulas referentes à devolução de valores;6;16;0;22;
2024;2º;58113812;EMBRACON ADMINISTRADORA DE CONSÓRCIO LTDA;Descumprimento de obrigações previstas em contratos;0;5;0;5;
2024;2º;58113812;EMBRACON ADMINISTRADORA DE CONSÓRCIO LTDA;Descumprimento de ordem judicial - Consórcio;0;0;1;1;
2024;2º;58113812;EMBRACON ADMINISTRADORA DE CONSÓRCIO LTDA;Descumprimento de prazo de resposta a demanda;0;2;0;2;
2024;2º;58113812;EMBRACON ADMINISTRADORA DE CONSÓRCIO LTDA;Insatisfação com a resposta fornecida pela administradora de consórcio relativa à demanda registrada contra ela;2;5;0;7;
2024;2º;58113812;EMBRACON ADMINISTRADORA DE CONSÓRCIO LTDA;Insatisfação por parte do cliente com o atendimento prestado pela administradora de consórcio;3;0;0;3;
2024;2º;58113812;EMBRACON ADMINISTRADORA DE CONSÓRCIO LTDA;Irregularidades relacionadas a informações e liquidação de valores a receber no sistema SVR do BCB por parte de consórcios;2;7;0;9;
2024;2º;58113812;EMBRACON ADMINISTRADORA DE CONSÓRCIO LTDA;Irregularidades relacionadas à liberação do crédito;9;15;0;24;
2024;2º;58113812;EMBRACON ADMINISTRADORA DE CONSÓRCIO LTDA;Irregularidades relacionadas às condições para contemplação por lance ou sorteio;0;3;0;3;
2024;2º;58113812;EMBRACON ADMINISTRADORA DE CONSÓRCIO LTDA;Irregularidades relativas a integridade, confiabilidade, segurança, sigilo ou legitimidade das operações e serviços prestados relacionados a administradora de consórcio;9;17;0;26;
2024;2º;58113812;EMBRACON ADMINISTRADORA DE CONSÓRCIO LTDA;Irregularidades relativas a telemarketing, SMS ou WhatsApp com oferta de Consórcio;0;0;4;4;
2024;2º;58113812;EMBRACON ADMINISTRADORA DE CONSÓRCIO LTDA;Não fornecimento, remessa ou divulgação de documentos por parte de administradora de consórcio;0;4;0;4;
2024;2º;58113812;EMBRACON ADMINISTRADORA DE CONSÓRCIO LTDA;Oferta ou prestação de informação a respeito de produtos e serviços de forma inadequada por administradora de consórcio;22;13;0;35;
2024;2º;58113812;EMBRACON ADMINISTRADORA DE CONSÓRCIO LTDA;Renegociação de dívida - Consórcio;0;0;2;2;
2024;2º;42735881;EVOY ADMINISTRADORA DE CONSORCIO LTDA.;Descumprimento de cláusulas referentes à devolução de valores;0;1;0;1;
2024;2º;42735881;EVOY ADMINISTRADORA DE CONSORCIO LTDA.;Insatisfação com a resposta fornecida pela administradora de consórcio relativa à demanda registrada contra ela;0;2;0;2;
2024;2º;42735881;EVOY ADMINISTRADORA DE CONSORCIO LTDA.;Irregularidades relacionadas às condições para contemplação por lance ou sorteio;0;1;0;1;
2024;2º;42735881;EVOY ADMINISTRADORA DE CONSORCIO LTDA.;Oferta ou prestação de informação a respeito de produtos e serviços de forma inadequada por administradora de consórcio;15;1;0;16;
2024;2º;42735881;EVOY ADMINISTRADORA DE CONSORCIO LTDA.;Outras irregularidades;1;0;0;1;
2024;2º;91107581;FARROUPILHA ADMINISTRADORA DE CONSÓRCIOS LTDA.;Descumprimento de cláusulas referentes à devolução de valores;0;1;0;1;
2024;2º;91107581;FARROUPILHA ADMINISTRADORA DE CONSÓRCIOS LTDA.;Irregularidades relacionadas a informações e liquidação de valores a receber no sistema SVR do BCB por parte de consórcios;0;1;0;1;
2024;2º;91107581;FARROUPILHA ADMINISTRADORA DE CONSÓRCIOS LTDA.;Irregularidades relacionadas à liberação do crédito;0;1;0;1;
2024;2º;91107581;FARROUPILHA ADMINISTRADORA DE CONSÓRCIOS LTDA.;Irregularidades relativas a integridade, confiabilidade, segurança, sigilo ou legitimidade das operações e serviços prestados relacionados a administradora de consórcio;0;1;0;1;
2024;2º;91107581;FARROUPILHA ADMINISTRADORA DE CONSÓRCIOS LTDA.;Não fornecimento, remessa ou divulgação de documentos por parte de administradora de consórcio;1;1;0;2;
2024;2º;91107581;FARROUPILHA ADMINISTRADORA DE CONSÓRCIOS LTDA.;Oferta ou prestação de informação a respeito de produtos e serviços de forma inadequada por administradora de consórcio;1;0;0;1;
2024;2º;91107581;FARROUPILHA ADMINISTRADORA DE CONSÓRCIOS LTDA.;Renegociação de dívida - Consórcio;0;0;1;1;
2024;2º;33350620;FEDERACAO NAC. DE ASSOCIACOES DOS SERVIDORES DO BCO CENTRAL;Reclamações relacionadas a assuntos diversos;0;0;1;1;
2024;2º;45725975;FINAMA ADMINISTRADORA DE CONSORCIO LTDA;Oferta ou prestação de informação a respeito de produtos e serviços de forma inadequada por administradora de consórcio;1;0;0;1;
2024;2º;00643742;FUNDACAO HABITACIONAL DO EXERCITO - FHE;Insatisfação por parte do cliente com o atendimento prestado pela administradora de consórcio;1;0;0;1;
2024;2º;00643742;FUNDACAO HABITACIONAL DO EXERCITO - FHE;Irregularidades relacionadas às condições para contemplação por lance ou sorteio;0;2;0;2;
2024;2º;00643742;FUNDACAO HABITACIONAL DO EXERCITO - FHE;Recusa de produtos ou serviços - Consórcio;0;0;1;1;
2024;2º;85322204;GLOBO ADMINISTRADORA DE CONSÓRCIOS LTDA.;Oferta ou prestação de informação a respeito de produtos e serviços de forma inadequada por administradora de consórcio;0;1;0;1;
2024;2º;49937055;GMAC ADMINISTRADORA DE CONSORCIOS LTDA;Descumprimento de cláusulas referentes à devolução de valores;4;9;0;13;
2024;2º;49937055;GMAC ADMINISTRADORA DE CONSORCIOS LTDA;Irregularidades relacionadas a informações e liquidação de valores a receber no sistema SVR do BCB por parte de consórcios;6;3;0;9;
2024;2º;49937055;GMAC ADMINISTRADORA DE CONSORCIOS LTDA;Irregularidades relacionadas à liberação do crédito;13;3;0;16;
2024;2º;49937055;GMAC ADMINISTRADORA DE CONSORCIOS LTDA;Irregularidades relacionadas às condições para contemplação por lance ou sorteio;0;3;0;3;
2024;2º;49937055;GMAC ADMINISTRADORA DE CONSORCIOS LTDA;Irregularidades relativas a integridade, confiabilidade, segurança, sigilo ou legitimidade das operações e serviços prestados relacionados a administradora de consórcio;4;3;0;7;
2024;2º;49937055;GMAC ADMINISTRADORA DE CONSORCIOS LTDA;Não fornecimento, remessa ou divulgação de documentos por parte de administradora de consórcio;2;2;0;4;
2024;2º;49937055;GMAC ADMINISTRADORA DE CONSORCIOS LTDA;Oferta ou prestação de informação a respeito de produtos e serviços de forma inadequada por administradora de consórcio;8;2;0;10;
2024;2º;49937055;GMAC ADMINISTRADORA DE CONSORCIOS LTDA;Reclamações relacionadas a assuntos diversos;0;0;2;2;
2024;2º;49937055;GMAC ADMINISTRADORA DE CONSORCIOS LTDA;Renegociação de dívida - Consórcio;0;0;1;1;
2024;2º;26228270;GROSCON ADMINISTRADORA DE CONSORCIOS LTDA.;Não fornecimento, remessa ou divulgação de documentos por parte de administradora de consórcio;0;1;0;1;
2024;2º;26253658;GUARAPIRANGA VEÍCULOS ADMINISTRADORA DE CONSÓRCIOS LTDA.;Descumprimento de cláusulas referentes à devolução de valores;0;1;0;1;
2024;2º;73516106;HS ADMINISTRADORA DE CONSÓRCIOS LTDA;Descumprimento de cláusulas referentes à devolução de valores;0;5;0;5;
2024;2º;73516106;HS ADMINISTRADORA DE CONSÓRCIOS LTDA;Descumprimento de obrigações previstas em contratos;0;1;0;1;
2024;2º;73516106;HS ADMINISTRADORA DE CONSÓRCIOS LTDA;Irregularidades relacionadas a informações e liquidação de valores a receber no sistema SVR do BCB por parte de consórcios;0;1;0;1;
2024;2º;73516106;HS ADMINISTRADORA DE CONSÓRCIOS LTDA;Irregularidades relacionadas à liberação do crédito;1;8;0;9;
2024;2º;73516106;HS ADMINISTRADORA DE CONSÓRCIOS LTDA;Irregularidades relacionadas às condições para contemplação por lance ou sorteio;0;1;0;1;
2024;2º;73516106;HS ADMINISTRADORA DE CONSÓRCIOS LTDA;Irregularidades relativas a integridade, confiabilidade, segurança, sigilo ou legitimidade das operações e serviços prestados relacionados a administradora de consórcio;2;2;0;4;
2024;2º;73516106;HS ADMINISTRADORA DE CONSÓRCIOS LTDA;Oferta ou prestação de informação a respeito de produtos e serviços de forma inadequada por administradora de consórcio;1;2;0;3;
2024;2º;73516106;HS ADMINISTRADORA DE CONSÓRCIOS LTDA;Renegociação de dívida - Consórcio;0;0;1;1;
2024;2º;00000776;ITAÚ ADMINISTRADORA DE CONSÓRCIOS LTDA.;Cancelamento de contrato a pedido do cliente não atendido por administradora de consórcio;1;2;0;3;
2024;2º;00000776;ITAÚ ADMINISTRADORA DE CONSÓRCIOS LTDA.;Cobrança irregular de tarifa pela emissão de boletos, carnês e assemelhados;0;1;0;1;
2024;2º;00000776;ITAÚ ADMINISTRADORA DE CONSÓRCIOS LTDA.;Descumprimento de cláusulas referentes à devolução de valores;2;17;0;19;
2024;2º;00000776;ITAÚ ADMINISTRADORA DE CONSÓRCIOS LTDA.;Descumprimento de obrigações previstas em contratos;1;3;0;4;
2024;2º;00000776;ITAÚ ADMINISTRADORA DE CONSÓRCIOS LTDA.;Descumprimento de prazo de resposta a demanda;0;4;0;4;
2024;2º;00000776;ITAÚ ADMINISTRADORA DE CONSÓRCIOS LTDA.;Falta de transparência na redação de documentos por parte de administradora de consórcio;3;0;0;3;
2024;2º;00000776;ITAÚ ADMINISTRADORA DE CONSÓRCIOS LTDA.;Insatisfação com a resposta fornecida pela administradora de consórcio relativa à demanda registrada contra ela;0;7;0;7;
2024;2º;00000776;ITAÚ ADMINISTRADORA DE CONSÓRCIOS LTDA.;Insatisfação por parte do cliente com o atendimento prestado pela administradora de consórcio;7;1;0;8;
2024;2º;00000776;ITAÚ ADMINISTRADORA DE CONSÓRCIOS LTDA.;Irregularidades relacionadas a informações e liquidação de valores a receber no sistema SVR do BCB por parte de consórcios;7;5;0;12;
2024;2º;00000776;ITAÚ ADMINISTRADORA DE CONSÓRCIOS LTDA.;Irregularidades relacionadas à liberação do crédito;19;20;0;39;
2024;2º;00000776;ITAÚ ADMINISTRADORA DE CONSÓRCIOS LTDA.;Irregularidades relacionadas às condições para contemplação por lance ou sorteio;2;6;0;8;
2024;2º;00000776;ITAÚ ADMINISTRADORA DE CONSÓRCIOS LTDA.;Irregularidades relativas a integridade, confiabilidade, segurança, sigilo ou legitimidade das operações e serviços prestados relacionados a administradora de consórcio;45;40;0;85;
2024;2º;00000776;ITAÚ ADMINISTRADORA DE CONSÓRCIOS LTDA.;Não fornecimento, remessa ou divulgação de documentos por parte de administradora de consórcio;2;6;0;8;
2024;2º;00000776;ITAÚ ADMINISTRADORA DE CONSÓRCIOS LTDA.;Oferta ou prestação de informação a respeito de produtos e serviços de forma inadequada por administradora de consórcio;22;13;0;35;
2024;2º;00000776;ITAÚ ADMINISTRADORA DE CONSÓRCIOS LTDA.;Reclamações relacionadas a assuntos diversos;0;0;2;2;
2024;2º;00000776;ITAÚ ADMINISTRADORA DE CONSÓRCIOS LTDA.;Recusa de produtos ou serviços - Consórcio;0;0;3;3;
2024;2º;00000776;ITAÚ ADMINISTRADORA DE CONSÓRCIOS LTDA.;Renegociação de dívida - Consórcio;0;0;3;3;
2024;2º;00000776;ITAÚ ADMINISTRADORA DE CONSÓRCIOS LTDA.;Restrições cadastrais - Consórcio;0;0;1;1;
2024;2º;41629070;KLUBI ADMINISTRADORA DE CONSÓRCIOS LTDA.;Cancelamento de contrato a pedido do cliente não atendido por administradora de consórcio;1;1;0;2;
2024;2º;41629070;KLUBI ADMINISTRADORA DE CONSÓRCIOS LTDA.;Descumprimento de cláusulas referentes à devolução de valores;1;0;0;1;
2024;2º;41629070;KLUBI ADMINISTRADORA DE CONSÓRCIOS LTDA.;Descumprimento de obrigações previstas em contratos;0;1;0;1;
2024;2º;41629070;KLUBI ADMINISTRADORA DE CONSÓRCIOS LTDA.;Irregularidades relacionadas à liberação do crédito;1;0;0;1;
2024;2º;41629070;KLUBI ADMINISTRADORA DE CONSÓRCIOS LTDA.;Oferta ou prestação de informação a respeito de produtos e serviços de forma inadequada por administradora de consórcio;2;0;0;2;
2024;2º;62798475;KSK ADMINISTRADORA DE CONSÓRCIO LTDA.;Descumprimento de cláusulas referentes à devolução de valores;0;1;0;1;
2024;2º;62798475;KSK ADMINISTRADORA DE CONSÓRCIO LTDA.;Insatisfação com a resposta fornecida pela administradora de consórcio relativa à demanda registrada contra ela;0;1;0;1;
2024;2º;62798475;KSK ADMINISTRADORA DE CONSÓRCIO LTDA.;Insatisfação por parte do cliente com o atendimento prestado pela administradora de consórcio;1;0;0;1;
2024;2º;62798475;KSK ADMINISTRADORA DE CONSÓRCIO LTDA.;Irregularidades relativas a integridade, confiabilidade, segurança, sigilo ou legitimidade das operações e serviços prestados relacionados a administradora de consórcio;0;2;0;2;
2024;2º;62798475;KSK ADMINISTRADORA DE CONSÓRCIO LTDA.;Oferta ou prestação de informação a respeito de produtos e serviços de forma inadequada por administradora de consórcio;9;9;0;18;
2024;2º;60250776;LUIZA ADMINISTRADORA DE CONSÓRCIOS LTDA;Cancelamento de contrato a pedido do cliente não atendido por administradora de consórcio;0;1;0;1;
2024;2º;60250776;LUIZA ADMINISTRADORA DE CONSÓRCIOS LTDA;Cobranças Diversas - Consórcio;0;0;1;1;
2024;2º;60250776;LUIZA ADMINISTRADORA DE CONSÓRCIOS LTDA;Descumprimento de cláusulas referentes à devolução de valores;0;3;0;3;
2024;2º;60250776;LUIZA ADMINISTRADORA DE CONSÓRCIOS LTDA;Descumprimento de obrigações previstas em contratos;0;1;0;1;
2024;2º;60250776;LUIZA ADMINISTRADORA DE CONSÓRCIOS LTDA;Insatisfação com a resposta fornecida pela administradora de consórcio relativa à demanda registrada contra ela;1;1;0;2;
2024;2º;60250776;LUIZA ADMINISTRADORA DE CONSÓRCIOS LTDA;Insatisfação por parte do cliente com o atendimento prestado pela administradora de consórcio;0;1;0;1;
2024;2º;60250776;LUIZA ADMINISTRADORA DE CONSÓRCIOS LTDA;Irregularidades relacionadas a informações e liquidação de valores a receber no sistema SVR do BCB por parte de consórcios;0;2;0;2;
2024;2º;60250776;LUIZA ADMINISTRADORA DE CONSÓRCIOS LTDA;Irregularidades relacionadas à liberação do crédito;0;2;0;2;
2024;2º;60250776;LUIZA ADMINISTRADORA DE CONSÓRCIOS LTDA;Oferta ou prestação de informação a respeito de produtos e serviços de forma inadequada por administradora de consórcio;3;0;0;3;
2024;2º;60250776;LUIZA ADMINISTRADORA DE CONSÓRCIOS LTDA;Renegociação de dívida - Consórcio;0;0;1;1;
2024;2º;04250224;MAGGI ADMINISTRADORA DE CONSÓRCIOS LTDA;Insatisfação por parte do cliente com o atendimento prestado pela administradora de consórcio;0;1;0;1;
2024;2º;04250224;MAGGI ADMINISTRADORA DE CONSÓRCIOS LTDA;Irregularidades relacionadas à liberação do crédito;0;1;0;1;
2024;2º;04250224;MAGGI ADMINISTRADORA DE CONSÓRCIOS LTDA;Irregularidades relativas a integridade, confiabilidade, segurança, sigilo ou legitimidade das operações e serviços prestados relacionados a administradora de consórcio;0;1;0;1;
2024;2º;04250224;MAGGI ADMINISTRADORA DE CONSÓRCIOS LTDA;Não fornecimento, remessa ou divulgação de documentos por parte de administradora de consórcio;1;0;0;1;
2024;2º;45793395;MASSEY FERGUSON ADMINISTRADORA DE CONSÓRCIOS LTDA;Insatisfação com a resposta fornecida pela administradora de consórcio relativa à demanda registrada contra ela;0;1;0;1;
2024;2º;45793395;MASSEY FERGUSON ADMINISTRADORA DE CONSÓRCIOS LTDA;Irregularidades relacionadas à liberação do crédito;0;1;0;1;
2024;2º;45793395;MASSEY FERGUSON ADMINISTRADORA DE CONSÓRCIOS LTDA;Irregularidades relativas a integridade, confiabilidade, segurança, sigilo ou legitimidade das operações e serviços prestados relacionados a administradora de consórcio;1;2;0;3;
2024;2º;76853043;MENEGALLI ADMINISTRADORA DE CONSÓRCIOS LTDA;Insatisfação por parte do cliente com o atendimento prestado pela administradora de consórcio;1;0;0;1;
2024;2º;46349106;MERCABENCO ADMINISTRADORA DE CONSORCIO LTDA;Insatisfação com a resposta fornecida pela administradora de consórcio relativa à demanda registrada contra ela;0;1;0;1;
2024;2º;46349106;MERCABENCO ADMINISTRADORA DE CONSORCIO LTDA;Não fornecimento, remessa ou divulgação de documentos por parte de administradora de consórcio;0;1;0;1;
2024;2º;46349106;MERCABENCO ADMINISTRADORA DE CONSORCIO LTDA;Renegociação de dívida - Consórcio;0;0;1;1;
2024;2º;05126027;MOTOASA ADMINISTRADORA DE CONSÓRCIOS LTDA.;Descumprimento de cláusulas referentes à devolução de valores;0;1;0;1;
2024;2º;04124922;MULTIMARCAS ADMINISTRADORA DE CONSORCIOS LTDA.;Cancelamento de contrato a pedido do cliente não atendido por administradora de consórcio;0;1;0;1;
2024;2º;04124922;MULTIMARCAS ADMINISTRADORA DE CONSORCIOS LTDA.;Descumprimento de cláusulas referentes à devolução de valores;2;10;0;12;
2024;2º;04124922;MULTIMARCAS ADMINISTRADORA DE CONSORCIOS LTDA.;Insatisfação com a resposta fornecida pela administradora de consórcio relativa à demanda registrada contra ela;0;4;0;4;
2024;2º;04124922;MULTIMARCAS ADMINISTRADORA DE CONSORCIOS LTDA.;Insatisfação por parte do cliente com o atendimento prestado pela administradora de consórcio;1;0;0;1;
2024;2º;04124922;MULTIMARCAS ADMINISTRADORA DE CONSORCIOS LTDA.;Irregularidades relacionadas a informações e liquidação de valores a receber no sistema SVR do BCB por parte de consórcios;0;2;0;2;
2024;2º;04124922;MULTIMARCAS ADMINISTRADORA DE CONSORCIOS LTDA.;Irregularidades relativas a integridade, confiabilidade, segurança, sigilo ou legitimidade das operações e serviços prestados relacionados a administradora de consórcio;2;4;0;6;
2024;2º;04124922;MULTIMARCAS ADMINISTRADORA DE CONSORCIOS LTDA.;Não fornecimento, remessa ou divulgação de documentos por parte de administradora de consórcio;0;5;0;5;
2024;2º;04124922;MULTIMARCAS ADMINISTRADORA DE CONSORCIOS LTDA.;Oferta ou prestação de informação a respeito de produtos e serviços de forma inadequada por administradora de consórcio;13;9;0;22;
2024;2º;04124922;MULTIMARCAS ADMINISTRADORA DE CONSORCIOS LTDA.;Renegociação de dívida - Consórcio;0;0;1;1;
2024;2º;05652765;NANUQUE ADMINISTRADORA DE CONSÓRCIOS LTDA.;Não fornecimento, remessa ou divulgação de documentos por parte de administradora de consórcio;0;1;0;1;
2024;2º;48041735;PORTO SEGURO ADMINISTRADORA DE CONSÓRCIOS LTDA;Cancelamento de contrato a pedido do cliente não atendido por administradora de consórcio;3;1;0;4;
2024;2º;48041735;PORTO SEGURO ADMINISTRADORA DE CONSÓRCIOS LTDA;Descumprimento de cláusulas referentes à devolução de valores;14;16;0;30;
2024;2º;48041735;PORTO SEGURO ADMINISTRADORA DE CONSÓRCIOS LTDA;Descumprimento de obrigações previstas em contratos;0;6;0;6;
2024;2º;48041735;PORTO SEGURO ADMINISTRADORA DE CONSÓRCIOS LTDA;Descumprimento de prazo de resposta a demanda;0;1;0;1;
2024;2º;48041735;PORTO SEGURO ADMINISTRADORA DE CONSÓRCIOS LTDA;Insatisfação com a resposta fornecida pela administradora de consórcio relativa à demanda registrada contra ela;2;4;0;6;
2024;2º;48041735;PORTO SEGURO ADMINISTRADORA DE CONSÓRCIOS LTDA;Insatisfação por parte do cliente com o atendimento prestado pela administradora de consórcio;7;0;0;7;
2024;2º;48041735;PORTO SEGURO ADMINISTRADORA DE CONSÓRCIOS LTDA;Irregularidades relacionadas a informações e liquidação de valores a receber no sistema SVR do BCB por parte de consórcios;9;7;0;16;
2024;2º;48041735;PORTO SEGURO ADMINISTRADORA DE CONSÓRCIOS LTDA;Irregularidades relacionadas à liberação do crédito;21;16;0;37;
2024;2º;48041735;PORTO SEGURO ADMINISTRADORA DE CONSÓRCIOS LTDA;Irregularidades relacionadas às condições para contemplação por lance ou sorteio;2;2;0;4;
2024;2º;48041735;PORTO SEGURO ADMINISTRADORA DE CONSÓRCIOS LTDA;Irregularidades relativas a integridade, confiabilidade, segurança, sigilo ou legitimidade das operações e serviços prestados relacionados a administradora de consórcio;40;14;0;54;
2024;2º;48041735;PORTO SEGURO ADMINISTRADORA DE CONSÓRCIOS LTDA;Irregularidades relativas a telemarketing, SMS ou WhatsApp com oferta de Consórcio;0;0;2;2;
2024;2º;48041735;PORTO SEGURO ADMINISTRADORA DE CONSÓRCIOS LTDA;Não fornecimento, remessa ou divulgação de documentos por parte de administradora de consórcio;4;2;0;6;
2024;2º;48041735;PORTO SEGURO ADMINISTRADORA DE CONSÓRCIOS LTDA;Oferta ou prestação de informação a respeito de produtos e serviços de forma inadequada por administradora de consórcio;11;2;0;13;
2024;2º;48041735;PORTO SEGURO ADMINISTRADORA DE CONSÓRCIOS LTDA;Reclamações relacionadas a assuntos diversos;0;0;5;5;
2024;2º;48041735;PORTO SEGURO ADMINISTRADORA DE CONSÓRCIOS LTDA;Recusa de produtos ou serviços - Consórcio;0;0;3;3;
2024;2º;48041735;PORTO SEGURO ADMINISTRADORA DE CONSÓRCIOS LTDA;Renegociação de dívida - Consórcio;0;0;3;3;
2024;2º;87433413;PORTOBENS ADMINISTRADORA DE CONSORCIOS LTDA;Irregularidades relacionadas a informações e liquidação de valores a receber no sistema SVR do BCB por parte de consórcios;0;1;0;1;
2024;2º;87433413;PORTOBENS ADMINISTRADORA DE CONSORCIOS LTDA;Irregularidades relacionadas à liberação do crédito;0;1;0;1;
2024;2º;87433413;PORTOBENS ADMINISTRADORA DE CONSORCIOS LTDA;Irregularidades relativas a integridade, confiabilidade, segurança, sigilo ou legitimidade das operações e serviços prestados relacionados a administradora de consórcio;0;1;0;1;
2024;2º;87433413;PORTOBENS ADMINISTRADORA DE CONSORCIOS LTDA;Reclamações relacionadas a assuntos diversos;0;0;1;1;
2024;2º;51597300;PRIMO ROSSI ADMINISTRADORA DE CONSÓRCIO LTDA.;Descumprimento de cláusulas referentes à devolução de valores;0;1;0;1;
2024;2º;51597300;PRIMO ROSSI ADMINISTRADORA DE CONSÓRCIO LTDA.;Irregularidades relacionadas às condições para contemplação por lance ou sorteio;0;1;0;1;
2024;2º;51597300;PRIMO ROSSI ADMINISTRADORA DE CONSÓRCIO LTDA.;Reclamações relacionadas a assuntos diversos;0;0;1;1;
2024;2º;51597300;PRIMO ROSSI ADMINISTRADORA DE CONSÓRCIO LTDA.;Renegociação de dívida - Consórcio;0;0;1;1;
2024;2º;09111444;PROMOVE ADMINISTRADORA DE CONSÓRCIO LTDA.;Cancelamento de contrato a pedido do cliente não atendido por administradora de consórcio;0;1;0;1;
2024;2º;09111444;PROMOVE ADMINISTRADORA DE CONSÓRCIO LTDA.;Descumprimento de cláusulas referentes à devolução de valores;0;1;0;1;
2024;2º;09111444;PROMOVE ADMINISTRADORA DE CONSÓRCIO LTDA.;Descumprimento de prazo de resposta a demanda;0;1;0;1;
2024;2º;09111444;PROMOVE ADMINISTRADORA DE CONSÓRCIO LTDA.;Falta de transparência na redação de documentos por parte de administradora de consórcio;1;0;0;1;
2024;2º;09111444;PROMOVE ADMINISTRADORA DE CONSÓRCIO LTDA.;Insatisfação com a resposta fornecida pela administradora de consórcio relativa à demanda registrada contra ela;1;3;0;4;
2024;2º;09111444;PROMOVE ADMINISTRADORA DE CONSÓRCIO LTDA.;Irregularidades relativas a integridade, confiabilidade, segurança, sigilo ou legitimidade das operações e serviços prestados relacionados a administradora de consórcio;0;1;0;1;
2024;2º;09111444;PROMOVE ADMINISTRADORA DE CONSÓRCIO LTDA.;Oferta ou prestação de informação a respeito de produtos e serviços de forma inadequada por administradora de consórcio;21;10;0;31;
2024;2º;91108027;RANDON ADMINISTRADORA DE CONSÓRCIOS LTDA.;Irregularidades relacionadas a informações e liquidação de valores a receber no sistema SVR do BCB por parte de consórcios;0;2;0;2;
2024;2º;91108027;RANDON ADMINISTRADORA DE CONSÓRCIOS LTDA.;Irregularidades relacionadas à liberação do crédito;0;3;0;3;
2024;2º;91108027;RANDON ADMINISTRADORA DE CONSÓRCIOS LTDA.;Oferta ou prestação de informação a respeito de produtos e serviços de forma inadequada por administradora de consórcio;1;0;0;1;
2024;2º;23767155;RECON ADMINISTRADORA DE CONSORCIOS LTDA;Descumprimento de cláusulas referentes à devolução de valores;1;0;0;1;
2024;2º;23767155;RECON ADMINISTRADORA DE CONSORCIOS LTDA;Irregularidades relacionadas a informações e liquidação de valores a receber no sistema SVR do BCB por parte de consórcios;1;0;0;1;
2024;2º;23767155;RECON ADMINISTRADORA DE CONSORCIOS LTDA;Não fornecimento, remessa ou divulgação de documentos por parte de administradora de consórcio;1;1;0;2;
2024;2º;23767155;RECON ADMINISTRADORA DE CONSORCIOS LTDA;Oferta ou prestação de informação a respeito de produtos e serviços de forma inadequada por administradora de consórcio;3;0;0;3;
2024;2º;62246228;REDENÇÃO ADMINISTRADORA DE CONSÓRCIO LTDA.;Descumprimento de cláusulas referentes à devolução de valores;0;1;0;1;
2024;2º;62354055;REMAZA ADMINISTRADORA DE CONSÓRCIO LTDA.;Cancelamento de contrato a pedido do cliente não atendido por administradora de consórcio;0;2;0;2;
2024;2º;62354055;REMAZA ADMINISTRADORA DE CONSÓRCIO LTDA.;Descumprimento de cláusulas referentes à devolução de valores;1;2;0;3;
2024;2º;62354055;REMAZA ADMINISTRADORA DE CONSÓRCIO LTDA.;Insatisfação com a resposta fornecida pela administradora de consórcio relativa à demanda registrada contra ela;0;1;0;1;
2024;2º;62354055;REMAZA ADMINISTRADORA DE CONSÓRCIO LTDA.;Irregularidades relacionadas a informações e liquidação de valores a receber no sistema SVR do BCB por parte de consórcios;1;2;0;3;
2024;2º;62354055;REMAZA ADMINISTRADORA DE CONSÓRCIO LTDA.;Irregularidades relacionadas à liberação do crédito;0;2;0;2;
2024;2º;62354055;REMAZA ADMINISTRADORA DE CONSÓRCIO LTDA.;Irregularidades relacionadas às condições para contemplação por lance ou sorteio;0;1;0;1;
2024;2º;62354055;REMAZA ADMINISTRADORA DE CONSÓRCIO LTDA.;Irregularidades relativas a integridade, confiabilidade, segurança, sigilo ou legitimidade das operações e serviços prestados relacionados a administradora de consórcio;0;3;0;3;
2024;2º;62354055;REMAZA ADMINISTRADORA DE CONSÓRCIO LTDA.;Oferta ou prestação de informação a respeito de produtos e serviços de forma inadequada por administradora de consórcio;2;0;0;2;
2024;2º;62354055;REMAZA ADMINISTRADORA DE CONSÓRCIO LTDA.;Recusa de produtos ou serviços - Consórcio;0;0;1;1;
2024;2º;28904092;RESERVA ADMINISTRADORA DE CONSÓRCIO LTDA;Cancelamento de contrato a pedido do cliente não atendido por administradora de consórcio;1;0;0;1;
2024;2º;28904092;RESERVA ADMINISTRADORA DE CONSÓRCIO LTDA;Descumprimento de cláusulas referentes à devolução de valores;0;3;0;3;
2024;2º;28904092;RESERVA ADMINISTRADORA DE CONSÓRCIO LTDA;Insatisfação com a resposta fornecida pela administradora de consórcio relativa à demanda registrada contra ela;1;0;0;1;
2024;2º;28904092;RESERVA ADMINISTRADORA DE CONSÓRCIO LTDA;Irregularidades relacionadas às condições para contemplação por lance ou sorteio;0;1;0;1;
2024;2º;28904092;RESERVA ADMINISTRADORA DE CONSÓRCIO LTDA;Oferta ou prestação de informação a respeito de produtos e serviços de forma inadequada por administradora de consórcio;14;9;0;23;
2024;2º;28904092;RESERVA ADMINISTRADORA DE CONSÓRCIO LTDA;Reclamações relacionadas a assuntos diversos;0;0;1;1;
2024;2º;51855716;RODOBENS ADMINISTRADORA DE CONSÓRCIOS LTDA.;Descumprimento de cláusulas referentes à devolução de valores;0;5;0;5;
2024;2º;51855716;RODOBENS ADMINISTRADORA DE CONSÓRCIOS LTDA.;Descumprimento de obrigações previstas em contratos;0;3;0;3;
2024;2º;51855716;RODOBENS ADMINISTRADORA DE CONSÓRCIOS LTDA.;Descumprimento de prazo de resposta a demanda;1;0;0;1;
2024;2º;51855716;RODOBENS ADMINISTRADORA DE CONSÓRCIOS LTDA.;Falta de transparência na redação de documentos por parte de administradora de consórcio;1;0;0;1;
2024;2º;51855716;RODOBENS ADMINISTRADORA DE CONSÓRCIOS LTDA.;Insatisfação com a resposta fornecida pela administradora de consórcio relativa à demanda registrada contra ela;0;1;0;1;
2024;2º;51855716;RODOBENS ADMINISTRADORA DE CONSÓRCIOS LTDA.;Irregularidades relacionadas a informações e liquidação de valores a receber no sistema SVR do BCB por parte de consórcios;2;0;0;2;
2024;2º;51855716;RODOBENS ADMINISTRADORA DE CONSÓRCIOS LTDA.;Irregularidades relacionadas à liberação do crédito;4;5;0;9;
2024;2º;51855716;RODOBENS ADMINISTRADORA DE CONSÓRCIOS LTDA.;Irregularidades relacionadas às condições para contemplação por lance ou sorteio;0;1;0;1;
2024;2º;51855716;RODOBENS ADMINISTRADORA DE CONSÓRCIOS LTDA.;Irregularidades relativas a integridade, confiabilidade, segurança, sigilo ou legitimidade das operações e serviços prestados relacionados a administradora de consórcio;3;6;0;9;
2024;2º;51855716;RODOBENS ADMINISTRADORA DE CONSÓRCIOS LTDA.;Não fornecimento, remessa ou divulgação de documentos por parte de administradora de consórcio;1;2;0;3;
2024;2º;51855716;RODOBENS ADMINISTRADORA DE CONSÓRCIOS LTDA.;Oferta ou prestação de informação a respeito de produtos e serviços de forma inadequada por administradora de consórcio;0;5;0;5;
2024;2º;51855716;RODOBENS ADMINISTRADORA DE CONSÓRCIOS LTDA.;Reclamações relacionadas a assuntos diversos;0;0;1;1;
2024;2º;51855716;RODOBENS ADMINISTRADORA DE CONSÓRCIOS LTDA.;Restrições cadastrais - Consórcio;0;0;1;1;
2024;2º;55942312;SANTANDER BRASIL ADMINISTRADORA DE CONSÓRCIO LTDA.;Cancelamento de contrato a pedido do cliente não atendido por administradora de consórcio;2;0;0;2;
2024;2º;55942312;SANTANDER BRASIL ADMINISTRADORA DE CONSÓRCIO LTDA.;Cobrança irregular de tarifa pela emissão de boletos, carnês e assemelhados;0;1;0;1;
2024;2º;55942312;SANTANDER BRASIL ADMINISTRADORA DE CONSÓRCIO LTDA.;Descumprimento de cláusulas referentes à devolução de valores;0;11;0;11;
2024;2º;55942312;SANTANDER BRASIL ADMINISTRADORA DE CONSÓRCIO LTDA.;Descumprimento de obrigações previstas em contratos;0;2;0;2;
2024;2º;55942312;SANTANDER BRASIL ADMINISTRADORA DE CONSÓRCIO LTDA.;Insatisfação com a resposta fornecida pela administradora de consórcio relativa à demanda registrada contra ela;1;7;0;8;
2024;2º;55942312;SANTANDER BRASIL ADMINISTRADORA DE CONSÓRCIO LTDA.;Insatisfação por parte do cliente com o atendimento prestado pela administradora de consórcio;2;0;1;3;
2024;2º;55942312;SANTANDER BRASIL ADMINISTRADORA DE CONSÓRCIO LTDA.;Irregularidades relacionadas a informações e liquidação de valores a receber no sistema SVR do BCB por parte de consórcios;4;6;0;10;
2024;2º;55942312;SANTANDER BRASIL ADMINISTRADORA DE CONSÓRCIO LTDA.;Irregularidades relacionadas à liberação do crédito;6;9;0;15;
2024;2º;55942312;SANTANDER BRASIL ADMINISTRADORA DE CONSÓRCIO LTDA.;Irregularidades relacionadas às condições para contemplação por lance ou sorteio;1;0;0;1;
2024;2º;55942312;SANTANDER BRASIL ADMINISTRADORA DE CONSÓRCIO LTDA.;Irregularidades relativas a integridade, confiabilidade, segurança, sigilo ou legitimidade das operações e serviços prestados relacionados a administradora de consórcio;25;20;0;45;
2024;2º;55942312;SANTANDER BRASIL ADMINISTRADORA DE CONSÓRCIO LTDA.;Não fornecimento, remessa ou divulgação de documentos por parte de administradora de consórcio;7;4;0;11;
2024;2º;55942312;SANTANDER BRASIL ADMINISTRADORA DE CONSÓRCIO LTDA.;Oferta ou prestação de informação a respeito de produtos e serviços de forma inadequada por administradora de consórcio;7;7;0;14;
2024;2º;55942312;SANTANDER BRASIL ADMINISTRADORA DE CONSÓRCIO LTDA.;Outras irregularidades relacionadas à Ouvidoria;0;1;0;1;
2024;2º;55942312;SANTANDER BRASIL ADMINISTRADORA DE CONSÓRCIO LTDA.;Reclamações relacionadas a assuntos diversos;0;0;2;2;
2024;2º;55942312;SANTANDER BRASIL ADMINISTRADORA DE CONSÓRCIO LTDA.;Recusa de produtos ou serviços - Consórcio;0;0;2;2;
2024;2º;55942312;SANTANDER BRASIL ADMINISTRADORA DE CONSÓRCIO LTDA.;Renegociação de dívida - Consórcio;0;0;4;4;
2024;2º;55942312;SANTANDER BRASIL ADMINISTRADORA DE CONSÓRCIO LTDA.;Restrições cadastrais - Consórcio;0;0;3;3;
2024;2º;96479258;SCANIA ADMINISTRADORA DE CONSÓRCIOS LTDA.;Irregularidades relacionadas a informações e liquidação de valores a receber no sistema SVR do BCB por parte de consórcios;1;0;0;1;
2024;2º;94187879;SERELLO ADMINISTRADORA DE CONSÓRCIOS LTDA;Não fornecimento, remessa ou divulgação de documentos por parte de administradora de consórcio;1;0;0;1;
2024;2º;76515071;SERVOPA ADMINISTRADORA DE CONSORCIOS LTDA;Descumprimento de obrigações previstas em contratos;0;2;0;2;
2024;2º;76515071;SERVOPA ADMINISTRADORA DE CONSORCIOS LTDA;Irregularidades relacionadas à liberação do crédito;0;2;0;2;
2024;2º;76515071;SERVOPA ADMINISTRADORA DE CONSORCIOS LTDA;Irregularidades relativas a integridade, confiabilidade, segurança, sigilo ou legitimidade das operações e serviços prestados relacionados a administradora de consórcio;0;1;0;1;
2024;2º;76515071;SERVOPA ADMINISTRADORA DE CONSORCIOS LTDA;Oferta ou prestação de informação a respeito de produtos e serviços de forma inadequada por administradora de consórcio;3;0;0;3;
2024;2º;76515071;SERVOPA ADMINISTRADORA DE CONSORCIOS LTDA;Recusa de produtos ou serviços - Consórcio;0;0;1;1;
2024;2º;16551061;SICOOB ADMINISTRADORA DE CONSÓRCIOS LTDA.;Cancelamento de contrato a pedido do cliente não atendido por administradora de consórcio;0;2;0;2;
2024;2º;16551061;SICOOB ADMINISTRADORA DE CONSÓRCIOS LTDA.;Cobranças Diversas - Consórcio;0;0;1;1;
2024;2º;16551061;SICOOB ADMINISTRADORA DE CONSÓRCIOS LTDA.;Descumprimento de cláusulas referentes à devolução de valores;2;6;0;8;
2024;2º;16551061;SICOOB ADMINISTRADORA DE CONSÓRCIOS LTDA.;Descumprimento de obrigações previstas em contratos;0;1;0;1;
2024;2º;16551061;SICOOB ADMINISTRADORA DE CONSÓRCIOS LTDA.;Descumprimento de prazo de resposta a demanda;0;1;0;1;
2024;2º;16551061;SICOOB ADMINISTRADORA DE CONSÓRCIOS LTDA.;Insatisfação com a resposta fornecida pela administradora de consórcio relativa à demanda registrada contra ela;1;2;0;3;
2024;2º;16551061;SICOOB ADMINISTRADORA DE CONSÓRCIOS LTDA.;Irregularidades relacionadas a informações e liquidação de valores a receber no sistema SVR do BCB por parte de consórcios;1;2;0;3;
2024;2º;16551061;SICOOB ADMINISTRADORA DE CONSÓRCIOS LTDA.;Irregularidades relacionadas à liberação do crédito;6;10;0;16;
2024;2º;16551061;SICOOB ADMINISTRADORA DE CONSÓRCIOS LTDA.;Irregularidades relacionadas às condições para contemplação por lance ou sorteio;1;0;0;1;
2024;2º;16551061;SICOOB ADMINISTRADORA DE CONSÓRCIOS LTDA.;Irregularidades relativas a integridade, confiabilidade, segurança, sigilo ou legitimidade das operações e serviços prestados relacionados a administradora de consórcio;17;10;0;27;
2024;2º;16551061;SICOOB ADMINISTRADORA DE CONSÓRCIOS LTDA.;Não fornecimento, remessa ou divulgação de documentos por parte de administradora de consórcio;0;2;0;2;
2024;2º;16551061;SICOOB ADMINISTRADORA DE CONSÓRCIOS LTDA.;Oferta ou prestação de informação a respeito de produtos e serviços de forma inadequada por administradora de consórcio;3;2;0;5;
2024;2º;16551061;SICOOB ADMINISTRADORA DE CONSÓRCIOS LTDA.;Recusa de produtos ou serviços - Consórcio;0;0;4;4;
2024;2º;16551061;SICOOB ADMINISTRADORA DE CONSÓRCIOS LTDA.;Renegociação de dívida - Consórcio;0;0;1;1;
2024;2º;16551061;SICOOB ADMINISTRADORA DE CONSÓRCIOS LTDA.;Restrições cadastrais - Consórcio;0;0;1;1;
2024;2º;87945218;SIMPALA LANÇADORA E ADMINISTRADORA DE CONSÓRCIOS LTDA.;Cancelamento de contrato a pedido do cliente não atendido por administradora de consórcio;0;1;0;1;
2024;2º;87945218;SIMPALA LANÇADORA E ADMINISTRADORA DE CONSÓRCIOS LTDA.;Descumprimento de cláusulas referentes à devolução de valores;0;1;0;1;
2024;2º;87945218;SIMPALA LANÇADORA E ADMINISTRADORA DE CONSÓRCIOS LTDA.;Insatisfação com a resposta fornecida pela administradora de consórcio relativa à demanda registrada contra ela;1;0;0;1;
2024;2º;87945218;SIMPALA LANÇADORA E ADMINISTRADORA DE CONSÓRCIOS LTDA.;Irregularidades relacionadas às condições para contemplação por lance ou sorteio;0;1;0;1;
2024;2º;87945218;SIMPALA LANÇADORA E ADMINISTRADORA DE CONSÓRCIOS LTDA.;Irregularidades relativas a integridade, confiabilidade, segurança, sigilo ou legitimidade das operações e serviços prestados relacionados a administradora de consórcio;3;0;0;3;
2024;2º;87945218;SIMPALA LANÇADORA E ADMINISTRADORA DE CONSÓRCIOS LTDA.;Não fornecimento, remessa ou divulgação de documentos por parte de administradora de consórcio;0;1;0;1;
2024;2º;87945218;SIMPALA LANÇADORA E ADMINISTRADORA DE CONSÓRCIOS LTDA.;Oferta ou prestação de informação a respeito de produtos e serviços de forma inadequada por administradora de consórcio;10;1;0;11;
2024;2º;87852273;SINOSSERRA ADMINISTRADORA DE CONSÓRCIOS LTDA;Irregularidades relativas a integridade, confiabilidade, segurança, sigilo ou legitimidade das operações e serviços prestados relacionados a administradora de consórcio;0;1;0;1;
2024;2º;87852273;SINOSSERRA ADMINISTRADORA DE CONSÓRCIOS LTDA;Oferta ou prestação de informação a respeito de produtos e serviços de forma inadequada por administradora de consórcio;1;0;0;1;
2024;2º;04058605;SOLUÇÃO ADMINISTRADORA DE CONSÓRCIOS LTDA.;Não fornecimento, remessa ou divulgação de documentos por parte de administradora de consórcio;1;0;0;1;
2024;2º;57723801;SUZUKI MOTOS ADMINISTRADORA DE CONSÓRCIO LTDA.;Descumprimento de cláusulas referentes à devolução de valores;0;1;0;1;
2024;2º;57723801;SUZUKI MOTOS ADMINISTRADORA DE CONSÓRCIO LTDA.;Irregularidades relacionadas às condições para contemplação por lance ou sorteio;1;0;0;1;
2024;2º;05551841;TÁGIDE ADMINISTRADORA DE CONSÓRCIOS LTDA.;Oferta ou prestação de informação a respeito de produtos e serviços de forma inadequada por administradora de consórcio;0;1;0;1;
2024;2º;43707203;TOYOTA ADMINISTRADORA DE CONSÓRCIOS DO BRASIL LTDA.;Descumprimento de obrigações previstas em contratos;0;1;0;1;
2024;2º;43707203;TOYOTA ADMINISTRADORA DE CONSÓRCIOS DO BRASIL LTDA.;Irregularidades relacionadas à liberação do crédito;0;1;0;1;
2024;2º;43707203;TOYOTA ADMINISTRADORA DE CONSÓRCIOS DO BRASIL LTDA.;Não fornecimento, remessa ou divulgação de documentos por parte de administradora de consórcio;0;1;0;1;
2024;2º;43707203;TOYOTA ADMINISTRADORA DE CONSÓRCIOS DO BRASIL LTDA.;Oferta ou prestação de informação a respeito de produtos e serviços de forma inadequada por administradora de consórcio;1;0;0;1;
2024;2º;59956185;TRADIÇÃO ADMINISTRADORA DE CONSÓRCIO LTDA.;Cancelamento de contrato a pedido do cliente não atendido por administradora de consórcio;0;2;0;2;
2024;2º;59956185;TRADIÇÃO ADMINISTRADORA DE CONSÓRCIO LTDA.;Descumprimento de cláusulas referentes à devolução de valores;0;4;0;4;
2024;2º;59956185;TRADIÇÃO ADMINISTRADORA DE CONSÓRCIO LTDA.;Irregularidades relativas a integridade, confiabilidade, segurança, sigilo ou legitimidade das operações e serviços prestados relacionados a administradora de consórcio;1;0;0;1;
2024;2º;59956185;TRADIÇÃO ADMINISTRADORA DE CONSÓRCIO LTDA.;Não fornecimento, remessa ou divulgação de documentos por parte de administradora de consórcio;1;0;0;1;
2024;2º;59956185;TRADIÇÃO ADMINISTRADORA DE CONSÓRCIO LTDA.;Oferta ou prestação de informação a respeito de produtos e serviços de forma inadequada por administradora de consórcio;3;4;0;7;
2024;2º;78199262;TRIÂNGULO ADMINISTRADORA DE CONSÓRCIOS LTDA;Irregularidades relativas a integridade, confiabilidade, segurança, sigilo ou legitimidade das operações e serviços prestados relacionados a administradora de consórcio;0;1;0;1;
2024;2º;60732997;UNIFISA ADMINISTRADORA NACIONAL DE CONSORCIOS LTDA;Descumprimento de cláusulas referentes à devolução de valores;1;2;0;3;
2024;2º;60732997;UNIFISA ADMINISTRADORA NACIONAL DE CONSORCIOS LTDA;Insatisfação com a resposta fornecida pela administradora de consórcio relativa à demanda registrada contra ela;0;4;0;4;
2024;2º;60732997;UNIFISA ADMINISTRADORA NACIONAL DE CONSORCIOS LTDA;Irregularidades relacionadas a informações e liquidação de valores a receber no sistema SVR do BCB por parte de consórcios;0;1;0;1;
2024;2º;60732997;UNIFISA ADMINISTRADORA NACIONAL DE CONSORCIOS LTDA;Irregularidades relacionadas à liberação do crédito;0;2;0;2;
2024;2º;60732997;UNIFISA ADMINISTRADORA NACIONAL DE CONSORCIOS LTDA;Irregularidades relacionadas às condições para contemplação por lance ou sorteio;0;1;0;1;
2024;2º;60732997;UNIFISA ADMINISTRADORA NACIONAL DE CONSORCIOS LTDA;Irregularidades relativas a integridade, confiabilidade, segurança, sigilo ou legitimidade das operações e serviços prestados relacionados a administradora de consórcio;0;3;0;3;
2024;2º;60732997;UNIFISA ADMINISTRADORA NACIONAL DE CONSORCIOS LTDA;Oferta ou prestação de informação a respeito de produtos e serviços de forma inadequada por administradora de consórcio;13;2;0;15;
2024;2º;56360266;VALTRA ADMINISTRADORA DE CONSÓRCIOS LTDA;Descumprimento de cláusulas referentes à devolução de valores;0;1;0;1;
2024;2º;56360266;VALTRA ADMINISTRADORA DE CONSÓRCIOS LTDA;Irregularidades relacionadas à liberação do crédito;1;1;0;2;
2024;2º;74118381;VOLVO ADMINISTRADORA DE CONSÓRCIO LTDA.;Descumprimento de cláusulas referentes à devolução de valores;0;1;0;1;
2024;2º;74118381;VOLVO ADMINISTRADORA DE CONSÓRCIO LTDA.;Irregularidades relativas a integridade, confiabilidade, segurança, sigilo ou legitimidade das operações e serviços prestados relacionados a administradora de consórcio;2;0;0;2;
2024;2º;40011095;XS5 ADMINISTRADORA DE CONSÓRCIOS S.A.;Cancelamento de contrato a pedido do cliente não atendido por administradora de consórcio;0;1;0;1;
2024;2º;40011095;XS5 ADMINISTRADORA DE CONSÓRCIOS S.A.;Descumprimento de cláusulas referentes à devolução de valores;0;2;0;2;
2024;2º;40011095;XS5 ADMINISTRADORA DE CONSÓRCIOS S.A.;Descumprimento de obrigações previstas em contratos;0;4;0;4;
2024;2º;40011095;XS5 ADMINISTRADORA DE CONSÓRCIOS S.A.;Insatisfação com a resposta fornecida pela administradora de consórcio relativa à demanda registrada contra ela;1;3;0;4;
2024;2º;40011095;XS5 ADMINISTRADORA DE CONSÓRCIOS S.A.;Insatisfação por parte do cliente com o atendimento prestado pela administradora de consórcio;1;1;0;2;
2024;2º;40011095;XS5 ADMINISTRADORA DE CONSÓRCIOS S.A.;Irregularidades relacionadas à liberação do crédito;9;13;0;22;
2024;2º;40011095;XS5 ADMINISTRADORA DE CONSÓRCIOS S.A.;Irregularidades relativas a integridade, confiabilidade, segurança, sigilo ou legitimidade das operações e serviços prestados relacionados a administradora de consórcio;5;11;0;16;
2024;2º;40011095;XS5 ADMINISTRADORA DE CONSÓRCIOS S.A.;Não fornecimento, remessa ou divulgação de documentos por parte de administradora de consórcio;0;1;0;1;
2024;2º;40011095;XS5 ADMINISTRADORA DE CONSÓRCIOS S.A.;Oferta ou prestação de informação a respeito de produtos e serviços de forma inadequada por administradora de consórcio;6;4;0;10;
2024;2º;47458153;YAMAHA ADMINISTRADORA DE CONSÓRCIO LTDA.;Cancelamento de contrato a pedido do cliente não atendido por administradora de consórcio;1;1;0;2;
2024;2º;47458153;YAMAHA ADMINISTRADORA DE CONSÓRCIO LTDA.;Descumprimento de cláusulas referentes à devolução de valores;0;2;0;2;
2024;2º;47458153;YAMAHA ADMINISTRADORA DE CONSÓRCIO LTDA.;Descumprimento de obrigações previstas em contratos;0;1;0;1;
2024;2º;47458153;YAMAHA ADMINISTRADORA DE CONSÓRCIO LTDA.;Insatisfação com a resposta fornecida pela administradora de consórcio relativa à demanda registrada contra ela;0;1;0;1;
2024;2º;47458153;YAMAHA ADMINISTRADORA DE CONSÓRCIO LTDA.;Insatisfação por parte do cliente com o atendimento prestado pela administradora de consórcio;1;0;0;1;
2024;2º;47458153;YAMAHA ADMINISTRADORA DE CONSÓRCIO LTDA.;Irregularidades relacionadas a informações e liquidação de valores a receber no sistema SVR do BCB por parte de consórcios;0;1;0;1;
2024;2º;47458153;YAMAHA ADMINISTRADORA DE CONSÓRCIO LTDA.;Irregularidades relacionadas à liberação do crédito;1;3;0;4;
2024;2º;47458153;YAMAHA ADMINISTRADORA DE CONSÓRCIO LTDA.;Irregularidades relativas a integridade, confiabilidade, segurança, sigilo ou legitimidade das operações e serviços prestados relacionados a administradora de consórcio;4;0;0;4;
2024;2º;47458153;YAMAHA ADMINISTRADORA DE CONSÓRCIO LTDA.;Não fornecimento, remessa ou divulgação de documentos por parte de administradora de consórcio;2;0;0;2;
2024;2º;47458153;YAMAHA ADMINISTRADORA DE CONSÓRCIO LTDA.;Oferta ou prestação de informação a respeito de produtos e serviços de forma inadequada por administradora de consórcio;1;2;0;3;
2024;2º;47458153;YAMAHA ADMINISTRADORA DE CONSÓRCIO LTDA.;Reclamações relacionadas a assuntos diversos;0;0;2;2;
2024;2º;47458153;YAMAHA ADMINISTRADORA DE CONSÓRCIO LTDA.;Renegociação de dívida - Consórcio;0;0;1;1;
2024;2º;23367634;ZEMA ADMINISTRADORA DE CONSÓRCIO LTDA;Descumprimento de cláusulas referentes à devolução de valores;0;2;0;2;
2024;2º;23367634;ZEMA ADMINISTRADORA DE CONSÓRCIO LTDA;Descumprimento de prazo de resposta a demanda;0;1;0;1;
2024;2º;23367634;ZEMA ADMINISTRADORA DE CONSÓRCIO LTDA;Insatisfação com a resposta fornecida pela administradora de consórcio relativa à demanda registrada contra ela;0;1;0;1;
2024;2º;23367634;ZEMA ADMINISTRADORA DE CONSÓRCIO LTDA;Irregularidades relacionadas a informações e liquidação de valores a receber no sistema SVR do BCB por parte de consórcios;0;1;0;1;
2024;2º;23367634;ZEMA ADMINISTRADORA DE CONSÓRCIO LTDA;Irregularidades relacionadas à liberação do crédito;1;1;0;2;
2024;2º;23367634;ZEMA ADMINISTRADORA DE CONSÓRCIO LTDA;Irregularidades relacionadas às condições para contemplação por lance ou sorteio;0;2;0;2;
2024;2º;23367634;ZEMA ADMINISTRADORA DE CONSÓRCIO LTDA;Irregularidades relativas a integridade, confiabilidade, segurança, sigilo ou legitimidade das operações e serviços prestados relacionados a administradora de consórcio;0;3;0;3;
2024;2º;23367634;ZEMA ADMINISTRADORA DE CONSÓRCIO LTDA;Não fornecimento, remessa ou divulgação de documentos por parte de administradora de consórcio;0;1;0;1;
2024;2º;23367634;ZEMA ADMINISTRADORA DE CONSÓRCIO LTDA;Oferta ou prestação de informação a respeito de produtos e serviços de forma inadequada por administradora de consórcio;7;6;0;13;
2024;2º;23367634;ZEMA ADMINISTRADORA DE CONSÓRCIO LTDA;Reclamações relacionadas a assuntos diversos;0;0;1;1;
